,song_name,artist,spotify_track_id,danceability,energy,key,loudness,mode,speechiness,acousticness,instrumentalness,liveness,valence,tempo,duration_ms,time_signature,tracks_popularity,entered_biilboard
0,heat waves,glass animals,02MWAaffLxlfxAUY7c5dvx,0.7609999999999999,0.525,11,-6.9,1,0.0944,0.44,6.7e-06,0.0921,0.531,80.87,238805,4,88,1
2,stay,the kid laroi & justin bieber,5HCyWlXZPP0y6Gqq8TgA20,0.591,0.764,1,-5.484,1,0.0483,0.0383,0.0,0.103,0.478,169.928,141806,4,89,1
3,easy on me,adele,0gplL1WMoJ6iYaPgMCL0gX,0.604,0.366,5,-7.519,1,0.0282,0.578,0.0,0.133,0.13,141.981,224695,4,85,1
4,shivers,ed sheeran,50nfwKoDiSYg8zOCREWAm5,0.7879999999999999,0.8590000000000001,2,-2.724,1,0.0856,0.281,0.0,0.0424,0.8220000000000001,141.02,207853,4,88,1
5,first class,jack harlow,0wHFktze2PHC5jDt3B17DC,0.902,0.5820000000000001,5,-5.902,0,0.109,0.111,3.18e-06,0.111,0.332,107.005,173948,4,86,1
6,big energy,latto,6Zu3aw7FfjAF9WA0fA81Oq,0.935,0.807,11,-3.838,0,0.114,0.0514,0.0,0.349,0.813,106.017,173182,4,78,1
8,super gremlin,kodak black,4A8cWXxKfIL3lAyUDzXbCF,0.825,0.414,2,-6.634,1,0.144,0.00265,0.0,0.357,0.106,72.993,200548,4,77,1
9,cold heart (pnau remix),elton john & dua lipa,6zSpb8dQRaw0M1dK8PBwQz,0.7959999999999999,0.7979999999999999,1,-6.312,1,0.0317,0.034,4.19e-05,0.0952,0.942,116.032,202735,4,88,1
11,about damn time,lizzo,1PckUlxKqWQs3RlWXVBLw3,0.836,0.743,10,-6.305,0,0.0656,0.0995,0.0,0.335,0.722,108.966,191822,4,86,1
12,bad habits,ed sheeran,3rmo8F54jFF8OgYsqTxm5d,0.807,0.893,11,-3.745,0,0.0347,0.0451,2.79e-05,0.366,0.537,126.011,230747,4,88,1
13,thats what i want,lil nas x,0e8nrvls4Qqv5Rfa2UhqmO,0.737,0.846,1,-4.51,0,0.22,0.00614,0.0,0.0486,0.546,87.98100000000002,143901,4,86,1
15,industry baby,lil nas x & jack harlow,27NovPIUIRrOZoCHxABJwK,0.736,0.7040000000000001,3,-7.409,0,0.0615,0.0203,0.0,0.0501,0.894,149.995,212000,4,85,1
16,abcdefu,gayle,4fouWK6XVHhzl78KzQ1UjL,0.695,0.54,4,-5.692,1,0.0493,0.299,0.0,0.3670000000000001,0.415,121.932,168602,4,86,1
17,need to know,doja cat,3Vi5XqYrmQgOYBajMWSvCi,0.664,0.609,1,-6.509,1,0.0707,0.304,0.0,0.0926,0.194,130.041,210560,4,84,1
19,me porto bonito,bad bunny & chencho corleone,6Sq7ltF9Qa7SNFBsV5Cogx,0.911,0.7120000000000001,1,-5.105,0,0.0817,0.0901,2.68e-05,0.0933,0.425,92.005,178567,4,96,1
23,we don't talk about bruno,"carolina gaitan, mauro castillo, adassa, rhenzy feliz, diane guerrero, stephanie beatriz & encanto cast",52xJxFP6TqMuO4Yt0eOkMz,0.5770000000000001,0.45,0,-8.516,0,0.0834,0.357,0.0,0.111,0.83,205.863,216120,4,79,1
24,late night talking,harry styles,1qEmFfgcLObUfQm0j1W2CK,0.7140000000000001,0.728,10,-4.595,1,0.0468,0.298,0.0,0.106,0.901,114.996,177955,4,91,1
25,i like you (a happier song),post malone featuring doja cat,0O6u0VJ46W86TxN9wgyqDj,0.733,0.67,5,-6.009,1,0.0751,0.121,0.0,0.121,0.472,100.964,192841,4,90,1
27,bad habit,steve lacy,5CM4UuQ9Gnd6K2YyKGPMoK,0.6859999999999999,0.507,1,-7.097,1,0.0357,0.626,7.509999999999998e-05,0.383,0.69,168.955,232115,4,90,1
28,sunroof,nicky youre & dazy,4h4QlmocP3IuwYEj2j14p8,0.768,0.7140000000000001,10,-5.11,1,0.0401,0.352,0.0,0.15,0.8420000000000001,131.44299999999998,163026,4,90,1
29,one right now,post malone & the weeknd,00Blm7zeNqgYLPtW6zg8cj,0.687,0.7809999999999999,1,-4.806,1,0.053,0.0361,0.0,0.0755,0.688,97.014,193507,4,81,1
30,good 4 u,olivia rodrigo,4ZtFanR9U6ndgddUvNcjcG,0.563,0.664,9,-5.044,1,0.154,0.335,0.0,0.0849,0.688,166.928,178147,4,88,1
31,numb little bug,em beihold,3o9kpgkIcffx0iSwxhuNI2,0.742,0.527,8,-6.892,0,0.0769,0.327,0.0,0.25,0.638,84.97399999999998,169238,4,78,1
32,jimmy cooks,drake featuring 21 savage,3F5CgOj3wFlRv51JsHbxhe,0.529,0.6729999999999999,0,-4.711,1,0.175,0.000307,2.41e-06,0.093,0.366,165.921,218365,4,90,1
33,'til you can't,cody johnson,4k3lPl8YTKuY8c1HelVnm3,0.501,0.815,1,-4.865,1,0.0436,0.0513,0.0,0.106,0.46,160.08700000000005,224213,4,76,1
34,fancy like,walker hayes,58UKC45GPNTflCN6nwCUeF,0.647,0.765,1,-6.459,1,0.06,0.111,0.0,0.315,0.855,79.994,161853,4,76,1
35,the kind of love we make,luke combs,48UKTR66uUOT9LaUvooTNx,0.608,0.745,1,-4.13,1,0.0277,0.0226,6.47e-06,0.0942,0.464,102.025,224427,4,80,1
37,break my soul,beyonce,5pyoxDZ1PX0KxBxiRVxA4U,0.693,0.887,1,-5.039,0,0.0795,0.0581,2.71e-06,0.27,0.8640000000000001,114.942,278282,4,79,1
38,something in the orange,zach bryan,3WMj8moIAXJhHsyLaqIIHI,0.369,0.192,4,-12.151,0,0.04,0.555,8.35e-06,0.0954,0.148,175.21200000000005,228013,3,90,1
40,smokin out the window,silk sonic (bruno mars & anderson .paak),3xVZYkcuWalGudeKl861wb,0.627,0.618,2,-8.529,1,0.0437,0.0558,0.0,0.351,0.848,82.03,197443,4,79,1
41,levitating,dua lipa,39LLxExYz6ewLAcYrzQQyP,0.695,0.884,6,-2.278,0,0.0753,0.0561,0.0,0.213,0.914,103.014,203808,4,84,1
43,moscow mule,bad bunny,6Xom58OOXk2SoU711L2IXO,0.804,0.674,5,-5.452999999999999,0,0.0333,0.294,1.18e-06,0.115,0.292,99.968,245940,4,92,1
45,she had me at heads carolina,cole swindell,200x8ONbPfFzByUr3fVz46,0.607,0.912,8,-3.449,1,0.0611,0.124,0.0,0.332,0.722,134.944,206107,4,81,1
46,vegas,doja cat,0hquQWY3xvYqN4qtiquniF,0.8009999999999999,0.601,8,-7.574,0,0.255,0.0777,3.2299999999999986e-05,0.145,0.74,159.969,182907,4,88,1
48,buy dirt,jordan davis featuring luke bryan,69AIpwGNLxr4qS1X5ynx60,0.586,0.5589999999999999,4,-6.725,1,0.05,0.639,0.0,0.0872,0.4370000000000001,177.945,167480,4,81,1
49,i hate u,sza,2aJnyNu4PQxQ2lyj5boiMG,0.5329999999999999,0.417,7,-8.665,0,0.148,0.514,0.0,0.114,0.376,106.534,173907,5,82,1
50,boyfriend,dove cameron,59CfNbkERJ3NoTXDvoURjj,0.345,0.612,7,-6.542999999999998,0,0.0608,0.232,0.0,0.194,0.232,179.773,153000,3,85,1
51,glimpse of us,joji,6xGruZOHLs39ZbVccQTuPZ,0.44,0.317,8,-9.258,1,0.0531,0.8909999999999999,4.78e-06,0.141,0.268,169.91400000000004,233456,3,90,1
53,fall in love,bailey zimmerman,5gVCfYmQRPy1QJifP8f5gg,0.524,0.643,9,-6.055,1,0.0297,0.451,0.0,0.221,0.397,135.96200000000002,232059,4,80,1
55,super freaky girl,nicki minaj,4C6Uex2ILwJi9sZXRdmqXp,0.95,0.8909999999999999,2,-2.653,1,0.241,0.0645,1.77e-05,0.309,0.912,133.01,170977,4,87,1
57,sand in my boots,morgan wallen,0uRrG2jRR5tuifsYIJHEao,0.403,0.537,3,-6.627999999999999,1,0.031,0.59,0.0,0.112,0.414,69.877,202133,4,79,1
58,mamiii,becky g x karol g,1ri9ZUkBJVFUdgwzCnfcYs,0.843,0.7,4,-3.563,0,0.0803,0.0934,0.0,0.14,0.899,93.991,226088,4,83,1
60,aa,walker hayes,6aIrXGmaFqPafbYgxbMUsj,0.634,0.764,4,-5.858,1,0.0297,0.00354,0.0,0.337,0.736,104.03,189560,4,65,1
61,sweetest pie,megan thee stallion & dua lipa,7mFj0LlWtEJaEigguaWqYh,0.8140000000000001,0.628,7,-7.178,1,0.221,0.1669999999999999,0.0,0.101,0.677,123.977,201334,4,78,1
65,bam bam,camila cabello featuring ed sheeran,0QBzMgT7NIeoCYy3sJCof1,0.7559999999999999,0.6970000000000001,8,-6.377000000000002,1,0.0401,0.182,0.0,0.333,0.956,94.996,206071,4,84,1
66,5 foot 9,tyler hubbard,6AqwH2Y9FJwhUE2dCSkw1u,0.602,0.7959999999999999,5,-5.609,1,0.0465,0.146,0.0,0.125,0.53,106.005,189780,4,80,1
67,get into it (yuh),doja cat,0W6I02J9xcqK8MtSeosEXb,0.912,0.655,8,-6.029,0,0.162,0.315,3.39e-05,0.0894,0.7929999999999999,91.942,138293,4,81,1
68,efecto,bad bunny,5Eax0qFko2dh7Rl2lYs3bx,0.8009999999999999,0.475,7,-8.797,0,0.0516,0.141,1.73e-05,0.0639,0.234,98.047,213061,4,94,1
69,rock and a hard place,bailey zimmerman,4686eQ81DEswHa90bcdlC9,0.5820000000000001,0.568,1,-7.3,1,0.0275,0.5770000000000001,0.0,0.105,0.394,121.991,207541,3,85,1
70,doin' this,luke combs,4GyD3o5hWoyCuYpdlzZlRL,0.593,0.552,1,-5.837999999999999,1,0.028,0.18,1.7100000000000002e-05,0.11,0.39,115.0,254181,4,70,1
71,oh my god,adele,3Kkjo3cT83cw09VJyrLNwX,0.534,0.725,1,-3.906,1,0.046,0.091,0.0,0.0264,0.55,88.098,225149,4,82,1
72,better days,neiked x mae muller x polo g,6f5ExP43esnvdKPddwKXJH,0.7170000000000001,0.6709999999999999,0,-5.077,0,0.0337,0.0018,2.54e-06,0.0921,0.6990000000000001,110.054,160657,4,81,1
74,fingers crossed,lauren spencer-smith,3yMC1KsTwh0ceXdIe4QQAQ,0.56,0.473,5,-7.23,1,0.0533,0.618,0.0,0.31,0.441,109.414,175345,4,81,1
78,you should probably leave,chris stapleton,2UikqkwBv7aIvlixeVXHWt,0.602,0.477,9,-8.425,1,0.032,0.268,3.1e-05,0.173,0.552,183.89,213493,4,79,1
80,broadway girls,lil durk featuring morgan wallen,3DZ8dbKg4OTSSqGARvecYd,0.659,0.745,10,-3.599,1,0.0347,0.0417,0.0,0.296,0.54,74.967,185600,4,75,1
81,take my name,parmalee,2afB4eV1KWBqLqFqME6PTh,0.5589999999999999,0.66,7,-4.143,1,0.0512,0.222,0.0,0.193,0.574,163.957,157907,4,72,1
82,what happened to virgil,lil durk featuring gunna,7ohROa13QK43JBRqfCmz4P,0.795,0.526,6,-9.086,0,0.204,0.067,2e-06,0.134,0.194,140.037,181393,4,75,1
84,like i love country music,kane brown,3j1xkzTW8owIphkWV51V9s,0.542,0.82,8,-6.073,1,0.0432,0.000682,0.000136,0.0561,0.7020000000000001,124.85,234341,4,68,1
85,jingle bell rock,bobby helms,7vQbuQcyTflfCIOu3Uzzya,0.754,0.424,2,-8.463,1,0.0363,0.643,0.0,0.0652,0.8059999999999999,119.705,130973,4,94,1
87,trouble with a heartbreak,jason aldean,3HO30hRbkOLU6ZWERayfQO,0.5820000000000001,0.797,5,-4.926,1,0.0334,0.23,0.0,0.132,0.595,135.97299999999998,196027,4,68,1
89,kiss me more,doja cat featuring sza,3DarAbFujv6eYNliUTyqtz,0.764,0.705,8,-3.463,1,0.0284,0.259,8.92e-05,0.12,0.7809999999999999,110.97,208667,4,84,1
90,she likes it,russell dickerson & jake scott,6VVqPBFZIbcmv14zNfOc13,0.79,0.325,4,-11.689,1,0.127,0.509,0.0,0.155,0.539,126.877,163311,4,69,1
91,never say never,cole swindell / lainey wilson,5GYbkDveRD2I8M5ZJ14hWn,0.7390000000000001,0.807,0,-5.063,1,0.0652,0.0181,0.0,0.295,0.632,97.048,227853,4,73,1
92,damn strait,scotty mccreery,4jp9FimhP2bQ93vR0A5r7b,0.523,0.64,4,-6.15,1,0.0295,0.0512,5.5200000000000014e-05,0.0675,0.48,144.02200000000005,230227,4,64,1
93,she's all i wanna be,tate mcrae,0IuVhCflrQPMGRrOyoY5RW,0.614,0.644,2,-5.372000000000001,0,0.0426,0.0134,7.07e-06,0.117,0.6509999999999999,160.036,206772,4,77,1
94,last night lonely,jon pardi,0k11c8vwyeNSGQex6UMa1v,0.652,0.813,6,-2.842,1,0.0268,0.00544,0.0,0.101,0.851,102.987,182161,4,70,1
95,flower shops,ernest featuring morgan wallen,0De9jFjJ4eRLl7Yww2eBw1,0.527,0.461,7,-5.908,1,0.0269,0.118,0.0,0.0831,0.227,128.153,214405,3,74,1
98,one mississippi,kane brown,4FdPnT2cFrpWCmWZd7GXc3,0.471,0.846,0,-5.269,1,0.0389,0.00279,2.86e-06,0.145,0.539,100.089,213719,4,65,1
99,circles around this town,maren morris,13G5xv1wUKvJYbK0wYmioN,0.591,0.8140000000000001,4,-4.9860000000000015,1,0.0468,0.015,0.0,0.117,0.815,149.9,195760,4,59,1
100,blinding lights,the weeknd,0VjIjW4GlUZAMYd2vXMi3b,0.514,0.73,1,-5.934,1,0.0598,0.00146,9.54e-05,0.0897,0.334,171.005,200040,4,92,1
101,mood,24kgoldn featuring iann dior,4jPy3l0RUwlUI9T5XHBW2m,0.701,0.716,7,-3.671,0,0.0361,0.174,0.0,0.324,0.732,91.007,140533,4,84,1
102,leave the door open,silk sonic (bruno mars & anderson .paak),02VBYrHfVwfEWXk5DXyf0T,0.586,0.616,5,-7.963999999999999,1,0.0324,0.182,0.0,0.0927,0.7190000000000001,148.088,242096,4,85,1
103,drivers license,olivia rodrigo,5wANPM4fQCJwkGd4rN57mH,0.561,0.431,10,-8.81,1,0.0578,0.768,1.42e-05,0.106,0.1369999999999999,143.875,242013,4,87,1
106,butter,bts,2cYqizR4lgvp4Qu6IQ3qGN,0.763,0.628,11,-5.85,1,0.05,0.0531,0.0,0.114,0.193,140.958,190557,4,80,1
107,deja vu,olivia rodrigo,6HU7h9RYOaPRFeh0R3UeAr,0.442,0.612,2,-7.222,1,0.112,0.584,5.7000000000000005e-06,0.37,0.178,180.917,215507,4,87,1
108,positions,ariana grande,35mvY5S1H3J2QZyna3TFe0,0.737,0.802,0,-4.771,1,0.0878,0.468,0.0,0.0931,0.682,144.015,172325,4,84,1
109,without you,the kid laroi,27OeeYzk6klgBh83TSvGMA,0.662,0.413,0,-7.357,1,0.0299,0.213,0.0,0.134,0.467,93.005,161385,4,79,1
110,forever after all,luke combs,6IBcOGPsniK3Pso1wHIhew,0.487,0.65,0,-5.195,1,0.0253,0.191,0.0,0.0933,0.456,151.964,232533,4,80,1
111,go crazy,chris brown & young thug,1IIKrJVP1C9N7iPtG6eOsK,0.755,0.578,0,-8.932,0,0.145,0.316,0.0,0.25,0.581,94.148,176960,4,79,1
112,astronaut in the ocean,masked wolf,3Ofmpyhv5UAQ70mENzB277,0.778,0.695,4,-6.865,0,0.0913,0.175,0.0,0.15,0.472,149.996,132780,4,79,1
113,34+35,ariana grande feat. doja cat & megan thee stallion,6Im9k8u9iIzKMrmV7BWtlF,0.83,0.585,0,-6.476,1,0.094,0.237,0.0,0.248,0.485,109.978,173711,4,81,1
115,my ex's best friend,machine gun kelly x blackbear,7kDUspsoYfLkWnZR7qwHZl,0.731,0.675,5,-5.134,0,0.0434,0.00473,0.0,0.141,0.298,124.939,139461,4,78,1
117,up,cardi b,32OlwWuMpZ6b0aN2RZOeMS,0.856,0.609,0,-7.223,1,0.0824,0.00801,8.149999999999999e-05,0.0344,0.928,114.988,269667,4,84,1
118,dakiti,bad bunny & jhay cortez,47EiUVwUp4C9fGccaPuUCS,0.731,0.573,4,-10.059,0,0.0544,0.401,5.22e-05,0.113,0.145,109.928,205090,4,84,1
119,best friend,saweetie featuring doja cat,3rPtS4nfpy7PsARctAWpzd,0.5760000000000001,0.7140000000000001,6,-5.247000000000001,1,0.0595,0.395,0.0,0.115,0.321,144.981,262231,4,79,1
120,rapstar,polo g,18vXApRmJSgQ6wG2ll9AOg,0.789,0.536,6,-6.862,1,0.242,0.41,0.0,0.129,0.4370000000000001,81.039,165926,4,83,1
121,heartbreak anniversary,giveon,3FAJ6O0NOHQV8Mc5Ri6ENp,0.449,0.465,0,-8.964,1,0.0791,0.524,1.02e-06,0.303,0.5429999999999999,89.087,198371,3,84,1
122,for the night,pop smoke featuring lil baby & dababy,0PvFJmanyNQMseIFrU708S,0.823,0.586,6,-6.606,0,0.2,0.114,0.0,0.193,0.347,125.971,190476,4,82,1
123,calling my phone,lil tjay featuring 6lack,3J8EOeKLTLXORtWPpOU5bE,0.907,0.393,4,-7.636,0,0.0539,0.451,1.35e-06,0.135,0.202,104.949,205458,4,81,1
124,beautiful mistakes,maroon 5 featuring megan thee stallion,5zFglKYiknIxks8geR8rcL,0.713,0.6759999999999999,10,-5.483,1,0.027,0.0377,0.0,0.154,0.721,99.048,227395,4,82,1
127,you broke me first.,tate mcrae,45bE4HXI0AwGZXfZtMp8JR,0.667,0.373,4,-9.389,1,0.05,0.785,0.0,0.0906,0.0823,124.148,169266,4,84,1
128,traitor,olivia rodrigo,5CZ40GBx1sQ9agT82CLQCT,0.38,0.339,3,-7.885,1,0.0338,0.691,0.0,0.12,0.0849,100.607,229227,4,87,1
130,i hope,gabby barrett featuring charlie puth,23T0OX7QOiIUFShSzbJ5Uo,0.466,0.536,6,-6.227,1,0.0429,0.0951,0.0,0.114,0.377,75.998,210773,4,74,1
131,dynamite,bts,5QDLhrAOJJdNAmCTJ8xMyW,0.746,0.765,6,-4.41,0,0.0993,0.0112,0.0,0.0936,0.737,114.044,199054,4,85,1
134,laugh now cry later,drake featuring lil durk,2SAqBLGA283SUiwJ3xOUVI,0.7609999999999999,0.518,0,-8.871,1,0.134,0.244,3.47e-05,0.107,0.522,133.976,261493,4,80,1
135,wants and needs,drake featuring lil baby,65OVbaJR5O1RmwOQx0875b,0.578,0.449,1,-6.349,1,0.286,0.0618,2.17e-06,0.119,0.1,136.006,192956,4,84,1
136,way 2 sexy,drake featuring future & young thug,0k1WUmIRnG3xU6fvvDVfRG,0.8029999999999999,0.597,11,-6.035,0,0.141,0.000619,4.5e-06,0.3229999999999999,0.331,136.00799999999998,257605,4,79,1
137,telepatia,kali uchis,6tDDoYIxWvMLTdKpjFkc1B,0.653,0.524,11,-9.016,0,0.0502,0.112,0.0,0.203,0.5529999999999999,83.97,160191,4,83,1
138,whoopty,cj,5vGLcdRuSbUhD8ScwsGSdA,0.7190000000000001,0.648,3,-7.6,0,0.125,0.2,0.0,0.127,0.66,140.201,123263,4,74,1
139,lemonade,internet money & gunna featuring don toliver & nav,02kDW379Yfd5PzW5A6vuGt,0.799,0.66,1,-6.153,0,0.079,0.256,0.0,0.111,0.471,140.04,195429,4,75,1
142,body,megan thee stallion,21RzyxY3EFaxVy6K4RqaU9,0.752,0.764,1,-4.399,1,0.038,0.0476,9.44e-05,0.0543,0.5820000000000001,121.958,163216,4,76,1
144,bang!,ajr,5FQPpxOXsvkMN6v18gtpwY,0.74,0.517,1,-6.233,0,0.0506,0.0183,0.0,0.0558,0.698,139.917,170858,4,73,1
145,better together,luke combs,6gdLyYNuhWBzqwlOFSsXC7,0.552,0.225,0,-11.501,1,0.0477,0.8270000000000001,0.0,0.111,0.67,138.002,219573,4,75,1
146,you're mines still,yung bleu featuring drake,6tiKwZppNjrls8RsPQwK6r,0.613,0.615,5,-4.859,0,0.107,0.308,0.0,0.107,0.342,86.78200000000002,226220,4,64,1
147,every chance i get,dj khaled featuring lil baby & lil durk,1EJIcDYXwSqipW5dFe4uJz,0.477,0.727,2,-4.053,1,0.286,0.000866,0.0,0.108,0.227,150.062,236524,4,78,1
148,chasing after you,ryan hurd with maren morris,3MkXV52jXtsG4pvKp4cGE8,0.601,0.675,4,-6.358,1,0.0399,0.698,0.0,0.125,0.446,131.933,207667,4,68,1
149,the good ones,gabby barrett,3hLuHKzG1cmlRpq53ZVWd8,0.519,0.552,2,-5.023,1,0.0259,0.18,0.0,0.149,0.331,89.95700000000002,215141,4,73,1
150,leave before you love me,marshmello x jonas brothers,4qu63nuBpdn0qHUHuObEj1,0.721,0.738,7,-4.77,1,0.0403,0.00226,4.41e-06,0.118,0.637,119.976,154983,4,85,1
151,glad you exist,dan + shay,472vIK1ldetTxRxG3ovaiY,0.748,0.551,11,-6.12,1,0.0349,0.235,0.0,0.119,0.66,103.953,144533,4,69,1
153,beggin',maneskin,3Wrjm47oTz2sjIgck11l5e,0.7140000000000001,0.8,11,-4.808,0,0.0504,0.127,0.0,0.359,0.589,134.002,211560,4,86,1
156,famous friends,chris young + kane brown,00KyYtT6NaXwbPecina5Pj,0.535,0.8590000000000001,6,-2.922,1,0.0344,0.0528,0.0,0.32,0.698,102.008,166507,4,67,1
157,lil bit,nelly & florida georgia line,0NmuYnjETG3u3qx0OmEJev,0.7070000000000001,0.6890000000000001,4,-7.097,0,0.0387,0.0255,0.0,0.383,0.41,119.987,195962,4,70,1
158,thot shit,megan thee stallion,5zNW5ARjYhJQJz1AChP33n,0.95,0.693,9,-3.424,1,0.0898,0.0133,0.0,0.173,0.8909999999999999,130.02,184635,4,71,1
160,kings & queens,ava max,7a53HqqArd4b9NF4XAmlbI,0.637,0.69,1,-4.057,0,0.0405,0.0078599999999999,0.0,0.124,0.457,129.857,162399,4,82,1
161,anyone,justin bieber,31qCy5ZaophVA81wtlwLc4,0.6859999999999999,0.5379999999999999,2,-8.026,1,0.0345,0.181,3.13e-06,0.113,0.584,115.884,190779,4,75,1
164,cry baby,megan thee stallion featuring dababy,0EfsDEYaSjGYd66Pr881nq,0.581,0.6559999999999999,4,-4.891,0,0.0294,0.00269,2.78e-06,0.101,0.338,108.033,235160,4,76,1
166,what's your country song,thomas rhett,4oR2cCQGs0Yt0Mgr2diV6V,0.359,0.706,5,-6.151,1,0.0309,0.000602,0.0,0.285,0.479,174.079,171333,4,70,1
169,yonaguni,bad bunny,2JPLbjOn0wPCngEot2STUS,0.644,0.648,1,-4.601,1,0.118,0.276,0.0,0.135,0.44,179.951,206710,4,89,1
170,good time,niko moon,1kPpge9JDLpcj15qgrPbYX,0.56,0.872,3,-4.269,1,0.14,0.0239,6.98e-06,0.371,0.682,126.05,205933,4,78,1
171,if i didn't love you,jason aldean & carrie underwood,1WQ40xJSvgDmD9K7ckJwux,0.456,0.679,1,-4.802,1,0.0324,0.176,0.0,0.103,0.483,184.075,212030,4,72,1
172,pov,ariana grande,3UoULw70kMsiVXxW0L3A33,0.487,0.534,0,-5.664,0,0.0555,0.36,0.0,0.1,0.173,131.798,201882,4,77,1
173,just the way,parmalee x blanco brown,7BqBn9nzAq8spo5e7cZ0dJ,0.635,0.841,5,-5.379,1,0.0422,0.0134,0.0,0.0622,0.424,109.021,220734,4,84,1
175,we're good,dua lipa,1diS6nkxMQc3wwC4G1j0bh,0.722,0.588,6,-5.932,1,0.0544,0.0319,0.0,0.183,0.59,134.01,165507,4,76,1
179,single saturday night,cole swindell,1irAliF0T8sLIOPJp6n7rU,0.623,0.79,7,-5.07,1,0.0473,0.118,0.0,0.226,0.6940000000000001,81.949,187684,4,64,1
180,things a man oughta know,lainey wilson,5QS8PNEWbqTEZyQ6e9ZbJf,0.659,0.6829999999999999,3,-5.622999999999998,1,0.0312,0.513,4.93e-06,0.133,0.397,139.931,203373,4,73,1
182,tombstone,rod wave,3zc8VZEpM1onYV4FWGdFvm,0.55,0.637,8,-5.2120000000000015,1,0.163,0.597,0.0,0.129,0.535,84.448,160078,4,71,1
183,drinkin' beer. talkin' god. amen.,chase rice featuring florida georgia line,1b8TpvCFqmJTd2xz9xE9s1,0.627,0.6779999999999999,2,-4.691,1,0.0294,0.185,0.0,0.374,0.7240000000000001,100.032,160839,4,61,1
184,todo de ti,rauw alejandro,4fSIb4hdOQ151TILNsSEaF,0.78,0.718,3,-3.605,0,0.0506,0.31,0.0001629999999999,0.0932,0.342,127.949,199604,4,82,1
187,don't start now,dua lipa,3PfIrDoz19wz7qK7tYeu62,0.7929999999999999,0.7929999999999999,11,-4.521,0,0.083,0.0123,0.0,0.0951,0.679,123.95,183290,4,84,1
188,rockstar,dababy featuring roddy ricch,0e7ipj03S05BNilyu5bRzt,0.585,0.52,5,-6.136,0,0.0712,0.124,7.01e-05,0.131,0.129,159.80100000000004,218147,4,85,1
189,adore you,harry styles,3jjujdWJ72nww5eGnfs2E7,0.6759999999999999,0.7709999999999999,8,-3.675,1,0.0483,0.0237,7.000000000000001e-06,0.102,0.569,99.048,207133,4,86,1
191,memories,maroon 5,5UXJzLFdBn6u9FJTCnoHrH,0.34,0.684,11,-6.306,1,0.044,0.00979,0.0,0.348,0.556,112.969,248819,4,83,1
192,the bones,maren morris,7yFhA2fUsL2oIMWlw5DaHQ,0.612,0.57,11,-6.642,0,0.0347,0.278,0.0,0.0963,0.334,77.00399999999998,197293,4,75,1
193,someone you loved,lewis capaldi,7qEHsqek33rTcFNT9PFqLf,0.501,0.405,1,-5.678999999999999,1,0.0319,0.7509999999999999,0.0,0.105,0.446,109.891,182161,4,88,1
194,say so,doja cat,3Dv1eDb0MEgF93GpLXlucZ,0.787,0.6729999999999999,11,-4.583,0,0.159,0.264,3.35e-06,0.0904,0.779,110.962,237893,4,80,1
195,whats poppin,"jack harlow featuring dababy, tory lanez & lil wayne",1jaTQ3nqY3oAAYyCTbIvnM,0.923,0.604,11,-6.671,0,0.245,0.017,0.0,0.272,0.826,145.062,139741,4,78,1
196,dance monkey,tones and i,2XU0oxnq2qxCpomAAuJY8K,0.8240000000000001,0.588,6,-6.4,0,0.0924,0.6920000000000001,0.000104,0.149,0.513,98.027,209438,4,79,1
199,intentions,justin bieber featuring quavo,4umIPjkehX1r7uhmGvXiSV,0.8059999999999999,0.546,9,-6.6370000000000005,1,0.0575,0.3,0.0,0.102,0.8740000000000001,147.986,212867,4,77,1
202,watermelon sugar,harry styles,6UelLqGlWMcVH1E5c4H7lY,0.5479999999999999,0.816,0,-4.209,1,0.0465,0.122,0.0,0.335,0.557,95.39,174000,4,90,1
203,before you go,lewis capaldi,2gMXnyrvIjhVBUZwvLZDMP,0.459,0.575,3,-4.8580000000000005,1,0.0573,0.604,0.0,0.0885,0.183,111.881,215107,4,84,1
204,falling,trevor daniel,1ZMiCix7XSAbfAJlEZWMCp,0.5670000000000001,0.267,4,-6.502000000000002,1,0.0299,0.8390000000000001,1.46e-06,0.089,0.0592,110.011,240133,4,85,1
205,"10,000 hours",dan + shay & justin bieber,2wrJq5XKLnmhRXHIAf9xBa,0.654,0.63,10,-4.644,1,0.0259,0.153,0.0,0.111,0.43,89.991,167693,4,78,1
207,ballin',mustard & roddy ricch,3QzAOrNlsabgbMwlZt7TAY,0.809,0.545,7,-6.678,1,0.0735,0.392,0.0,0.151,0.244,97.008,180435,4,80,1
208,hot girl bummer,blackbear,6jRq8gaZhMUyy5RclRPcAf,0.782,0.5589999999999999,6,-7.106,0,0.0767,0.125,0.0,0.385,0.685,129.99200000000002,188344,1,80,1
209,blueberry faygo,lil mosey,22LAwLoDA5b4AaGSkg6bKW,0.774,0.5539999999999999,0,-7.909,1,0.0383,0.207,0.0,0.132,0.349,99.034,162547,4,76,1
210,heartless,the weeknd,4EWCNWgDS8707fNSZ1oaA5,0.79,0.647,10,-5.983,0,0.136,0.0515,0.0,0.248,0.654,87.999,211000,4,86,1
212,lose you to love me,selena gomez,4l0Mvzj72xxOpRrp6h8nHi,0.488,0.343,4,-8.985,1,0.0436,0.556,0.0,0.21,0.0978,102.819,206459,4,82,1
214,toosie slide,drake,127QTOFJsJQp5LbJbu3A1y,0.8340000000000001,0.454,1,-9.75,0,0.201,0.321,6.15e-06,0.114,0.8370000000000001,81.618,247059,4,74,1
215,break my heart,dua lipa,13VvjrXWYzG9lWViL8Y9vM,0.701,0.562,1,-8.915,1,0.0381,0.0166,1.2e-05,0.352,0.354,84.994,169412,4,72,1
216,chasin' you,morgan wallen,5MwynWK9s4hlyKHqhkNn4A,0.631,0.591,7,-5.785,1,0.0277,0.657,0.0,0.11,0.489,97.074,205453,4,82,1
217,savage love (laxed - siren beat),jawsh 685 x jason derulo,1xQ6trAsedVPCdbtDAmk0c,0.767,0.481,0,-8.52,0,0.0803,0.234,0.0,0.269,0.7609999999999999,150.076,171375,4,77,1
218,no guidance,chris brown featuring drake,6XHVuErjQ4XNm6nDPVCxVX,0.696,0.454,1,-6.756,0,0.153,0.123,0.0,0.155,0.136,92.928,260640,4,81,1
219,my oh my,camila cabello featuring dababy,3yOlyBJuViE2YSGn3nVE1K,0.7240000000000001,0.491,8,-6.024,1,0.0296,0.018,1.29e-05,0.0887,0.383,105.046,170746,4,76,1
220,high fashion,roddy ricch featuring mustard,07KXEDMj78x68D884wgVEm,0.831,0.499,11,-8.442,0,0.114,0.269,0.0,0.3,0.511,97.956,220487,4,73,1
221,woah,lil baby,598yNsG1JFrGd4n2kMoz7F,0.882,0.602,11,-5.553999999999999,1,0.245,0.0177,0.0,0.178,0.43,142.959,183011,4,68,1
223,senorita,shawn mendes & camila cabello,6v3KW9xbzN5yKLt9YKDYA2,0.759,0.5479999999999999,9,-6.049,0,0.029,0.0392,0.0,0.0828,0.7490000000000001,116.967,190800,4,82,1
224,highest in the room,travis scott,3eekarcy7kvN4yt5ZFzltW,0.598,0.4270000000000001,7,-8.764,0,0.0317,0.0546,5.83e-06,0.21,0.0605,76.469,175721,4,83,1
226,rain on me,lady gaga & ariana grande,7ju97lgwC2rKQ6wwsf9no9,0.672,0.855,9,-3.764,1,0.0397,0.021,0.0,0.3229999999999999,0.6459999999999999,123.056,182200,4,77,1
228,heart on ice,rod wave,591ks2A0o7ratTpiRdI7M6,0.732,0.387,10,-8.47,0,0.0741,0.0493,0.0,0.141,0.242,157.875,159670,3,73,1
229,nobody but you,blake shelton duet with gwen stefani,6VFKuuqSbA1GpMEosUgTwQ,0.637,0.299,7,-11.314,1,0.0366,0.742,0.0,0.359,0.364,83.87200000000001,213214,4,73,1
230,trampoline,shaed,0lsRatBUs9HNIZAmoGABzk,0.6890000000000001,0.412,7,-7.523,0,0.0301,0.488,0.00016,0.0659,0.537,126.754,184060,4,64,1
231,come & go,juice wrld x marshmello,2Y0wPrPQBrGhoLn14xRYCG,0.625,0.8140000000000001,0,-5.181,1,0.0657,0.0172,0.0,0.158,0.535,144.991,205485,4,80,1
232,truth hurts,lizzo,3HWzoMvoF3TQfYg4UPszDq,0.715,0.624,4,-3.0460000000000003,0,0.114,0.11,0.0,0.123,0.412,158.08700000000005,173325,4,76,1
233,if the world was ending,jp saxe featuring julia michaels,2kJwzbxV2ppxnQoYw4GLBZ,0.464,0.473,1,-10.086,1,0.129,0.866,0.0,0.109,0.604,75.801,208687,4,79,1
236,one man band,old dominion,7cA3PnUQDlUyBBwpRozQeo,0.706,0.358,6,-8.331,1,0.0347,0.677,0.0,0.107,0.478,75.991,186240,4,75,1
238,sunday best,surfaces,1Cv1YLb4q0RzL6pybtaMLo,0.878,0.525,5,-6.832000000000002,1,0.0578,0.183,0.0,0.0714,0.6940000000000001,112.022,158571,4,76,1
241,party girl,staysolidrocky,5RqR4ZCCKJDcBLIn4sih9l,0.728,0.431,6,-9.966,0,0.0622,0.7490000000000001,0.0,0.0996,0.629,130.02200000000002,147800,4,72,1
242,die from a broken heart,maddie & tae,3DA4SE262k6rdEtlHteNyq,0.596,0.522,9,-6.632999999999999,1,0.0358,0.373,0.0,0.291,0.443,76.042,188320,4,70,1
243,popstar,dj khaled featuring drake,6EDO9iiTtwNv6waLwa1UUq,0.8,0.56,5,-4.8180000000000005,0,0.261,0.057,0.0,0.134,0.45,163.071,200221,4,74,1
244,one of them girls,lee brice,6uyiyatWPCqC59Mm4rO8xL,0.643,0.79,4,-6.079,1,0.0461,0.29,0.0,0.107,0.8079999999999999,95.981,188893,4,73,1
246,one margarita,luke bryan,1Y3TlYJNhIa7k4YAvFkJAB,0.6409999999999999,0.8420000000000001,9,-4.872,1,0.0464,0.0969,0.0,0.1689999999999999,0.738,89.99700000000001,193427,4,65,1
247,panini,lil nas x,1000nHvUdawXuUHgBod4Wv,0.703,0.594,5,-6.146,0,0.0752,0.342,0.0,0.123,0.475,153.84799999999996,114893,4,72,1
248,hot,young thug featuring gunna,4vVjPTApwXZwB2H3mBq3ml,0.825,0.649,11,-4.297,1,0.1689999999999999,0.117,0.0,0.232,0.143,127.978,142657,4,81,1
250,emotionally scarred,lil baby,7ge7BHazYbVKi8qyZUX1Bm,0.585,0.6409999999999999,6,-4.269,0,0.133,0.0286,0.0,0.316,0.266,88.28399999999998,197530,4,74,1
251,suicidal,ynw melly & juice wrld,1iSqfoUFnQwV0QW1EfUit8,0.735,0.369,9,-9.682,0,0.0688,0.334,0.0,0.126,0.235,140.004,222997,4,75,1
253,only human,jonas brothers,0DiDStADDVh3SvAsoJAFMk,0.795,0.496,0,-5.882999999999999,1,0.0722,0.108,0.0,0.0645,0.8740000000000001,94.01,183000,4,73,1
254,the woo,pop smoke featuring 50 cent & roddy ricch,1H7KnK26kc1YyellpbINEn,0.49,0.618,1,-5.655,1,0.104,0.0221,3.77e-06,0.259,0.286,99.7,201600,4,75,1
255,sum 2 prove,lil baby,5f4Hy5mw5SRaUgXX9c6P5S,0.8270000000000001,0.552,4,-7.5710000000000015,0,0.274,0.0169,0.0,0.122,0.408,124.011,205760,4,72,1
256,stuck with u,ariana grande & justin bieber,4HBZA5flZLE435QTztThqH,0.597,0.45,8,-6.658,1,0.0418,0.223,0.0,0.382,0.537,178.765,228482,3,83,1
258,you should be sad,halsey,7lidXGPXPYLNThITAOTlkK,0.591,0.585,2,-6.35,1,0.0277,0.143,0.0,0.109,0.324,110.94,205473,4,73,1
260,supalonely,benee featuring gus dapperton,4nK5YrxbMGZstTLbvj6Gxw,0.863,0.631,7,-4.689,1,0.0534,0.305,3.04e-05,0.123,0.8170000000000001,128.977,223480,4,72,1
261,even though i'm leaving,luke combs,5Fhe63YOMZsGdB3CgCDuBi,0.5539999999999999,0.755,2,-6.04,1,0.0319,0.225,0.0,0.301,0.624,77.962,225253,4,70,1
262,the scotts,"the scotts, travis scott & kid cudi",39Yp9wwQiSRIDOvrVg7mbk,0.716,0.537,0,-7.648,0,0.0514,0.233,0.0,0.157,0.28,129.97899999999998,165978,4,77,1
263,juicy,doja cat & tyga,5ByAIlEEnxYdvpnezg7HTX,0.889,0.818,9,-4.638999999999999,1,0.253,0.47,0.0,0.179,0.782,96.063,302760,4,77,1
264,be like that,kane brown with swae lee & khalid,5f1joOtoMeyppIcJGZQvqJ,0.727,0.626,7,-8.415,1,0.0726,0.0469,2.58e-05,0.126,0.322,86.97,191406,4,74,1
265,homesick,kane brown,0jkzxxDG8z3Y5OmfNl1VM0,0.503,0.643,6,-6.494,1,0.0407,0.0261,2.27e-05,0.314,0.43,169.955,194417,4,76,1
266,rags2riches,rod wave featuring atr son son,40TPiJpvwGIyvPjJMDTKfy,0.8740000000000001,0.443,5,-9.628,0,0.241,0.147,0.0,0.124,0.298,118.004,235988,4,73,1
267,bluebird,miranda lambert,0kPeZAyIhIfeZNrtfjJGDB,0.6609999999999999,0.633,7,-5.9860000000000015,1,0.0348,0.038,2.75e-06,0.124,0.613,81.984,209760,4,70,1
268,wishing well,juice wrld,2U5WueTLIK5WJLD7mvDODv,0.65,0.613,9,-6.13,0,0.128,0.00336,0.0,0.267,0.0804,149.972,194621,4,81,1
269,does to me,luke combs featuring eric church,0nGXi46VcQQ56ZJR428MKS,0.616,0.8490000000000001,0,-4.897,1,0.0373,0.311,0.0,0.311,0.638,113.065,223320,4,68,1
270,p*$$y fairy (otw),jhene aiko,48KXAIruJ07kJVCWOGohMV,0.5720000000000001,0.519,2,-7.0920000000000005,0,0.212,0.536,0.0,0.102,0.35,128.33100000000002,181860,4,70,1
272,more than my hometown,morgan wallen,5OELUCYgOHKFAvCERnAvfS,0.62,0.8690000000000001,6,-5.479,1,0.0462,0.615,0.0,0.131,0.597,126.019,216573,4,79,1
275,slide,h.e.r. featuring yg,0nnwn7LWHCAu09jfuH1xTA,0.395,0.843,8,-4.476,1,0.0374,0.00483,0.0,0.0404,0.481,112.423,212067,4,72,1
277,old town road,lil nas x featuring billy ray cyrus,2YpeDb67231RjR0MgVLzsG,0.878,0.619,6,-5.56,1,0.102,0.0533,0.0,0.113,0.639,136.041,157067,4,79,1
278,sunflower (spider-man: into the spider-verse),post malone & swae lee,3KkXRkHbMCARz0aVfEt68P,0.76,0.479,2,-5.574,1,0.0466,0.556,0.0,0.0703,0.913,89.911,158040,4,83,1
279,without me,halsey,7lQ8MOhq6IN2w8EYcFNSUk,0.908,0.669,7,-2.827,1,0.0738,0.00286,0.0,0.237,0.662,112.238,290320,4,90,1
280,wow.,post malone,7xQAfvXzm3AkraOtGPWIZg,0.8290000000000001,0.539,11,-7.359,0,0.208,0.136,1.78e-06,0.103,0.388,99.96,149547,4,82,1
284,sucker,jonas brothers,22vgEDb5hykfaTwLuskFGD,0.8420000000000001,0.7340000000000001,1,-5.065,0,0.0588,0.0427,0.0,0.106,0.952,137.958,181027,4,82,1
285,high hopes,panic! at the disco,1rqqCSm0Qe4I9rUvWncaom,0.579,0.904,5,-2.729,1,0.0618,0.193,0.0,0.064,0.6809999999999999,82.014,190947,4,82,1
286,"thank u, next",ariana grande,3e9HZxeyfWwjeyPAMmWSSQ,0.7170000000000001,0.653,1,-5.634,1,0.0658,0.229,0.0,0.101,0.412,106.966,207320,4,83,1
289,eastside,"benny blanco, halsey & khalid",7FGq80cy8juXBCD2nrqdWU,0.632,0.6859999999999999,6,-7.665,0,0.243,0.5489999999999999,0.0,0.2,0.329,89.949,170770,4,80,1
290,going bad,meek mill featuring drake,2IRZnDFmlqMuOrYOLnZZyc,0.889,0.496,4,-6.365,0,0.0905,0.259,0.0,0.252,0.544,86.00299999999999,180522,4,80,1
291,shallow,lady gaga & bradley cooper,2VxeLyX666F8uXCJ0dZF8B,0.5720000000000001,0.385,7,-6.362,1,0.0308,0.371,0.0,0.231,0.3229999999999999,95.799,215733,4,85,1
293,girls like you,maroon 5 featuring cardi b,421Y1KnVaq15mux4QmLJTU,0.581,0.6509999999999999,7,-4.064,1,0.0349,0.222,0.0,0.0939,0.182,94.059,181484,4,63,1
294,sweet but psycho,ava max,7DnAm9FOTWE3cUvso43HhI,0.72,0.706,1,-4.718999999999999,1,0.0473,0.0684,0.0,0.166,0.62,133.002,187436,4,82,1
296,middle child,j. cole,2JvzF1RMd7lE3KmFlsyZD8,0.8370000000000001,0.364,8,-11.713,1,0.276,0.149,0.0,0.271,0.463,123.984,213594,4,82,1
298,ran$om,lil tecca,1lOe9qE0vR9zwWQAOk6CoO,0.745,0.642,7,-6.2570000000000014,0,0.287,0.0204,0.0,0.0658,0.226,179.97400000000005,131240,4,82,1
299,if i can't have you,shawn mendes,6LsAAHotRLMOHfCsSfYCsz,0.6920000000000001,0.809,2,-4.198,1,0.0602,0.524,0.0,0.147,0.8640000000000001,123.911,190800,4,73,1
300,goodbyes,post malone featuring young thug,0t3ZvGKlmYmVsDzBJAXK8C,0.5479999999999999,0.653,5,-3.875,1,0.081,0.456,0.0,0.103,0.163,150.06799999999996,174853,4,80,1
301,zeze,kodak black featuring travis scott & offset,0FZ4Dmg8jJJAPJnvBIzD9z,0.861,0.603,8,-5.787999999999999,0,0.176,0.0521,0.0,0.0924,0.504,98.043,228760,4,78,1
302,better now,post malone,7dt6x5M1jzdTEt8oCbisTK,0.68,0.578,10,-5.803999999999999,1,0.04,0.331,0.0,0.135,0.341,145.03799999999995,231267,4,82,1
304,money in the grave,drake featuring rick ross,5ry2OE6R2zPQFDO85XkgRb,0.831,0.502,10,-4.045,0,0.046,0.101,0.0,0.122,0.101,100.541,205427,4,78,1
305,speechless,dan + shay,3GJ4hzg4lrGwU51Y3VARbF,0.616,0.438,1,-5.968,1,0.0298,0.356,0.0,0.24,0.386,135.929,213387,4,72,1
306,"break up with your girlfriend, i'm bored",ariana grande,4kV4N9D1iKVxx1KLvtTpjS,0.726,0.5539999999999999,5,-5.29,0,0.0917,0.0421,0.0,0.106,0.335,169.99900000000005,190440,4,79,1
307,please me,cardi b & bruno mars,0PG9fbaaHFHfre2gUVo7AN,0.747,0.57,1,-6.711,1,0.081,0.0642,0.0,0.0832,0.65,133.99200000000002,200890,4,75,1
309,you need to calm down,taylor swift,6RRNNciQGZEXnqk8SQ9yv5,0.7709999999999999,0.6709999999999999,2,-5.617000000000001,1,0.0553,0.00929,0.0,0.0637,0.7140000000000001,85.02600000000002,171360,4,78,1
310,look back at it,a boogie wit da hoodie,3Ol2xnObFdKV9pmRD2t9x8,0.7909999999999999,0.5870000000000001,3,-5.075,0,0.0413,0.407,0.0,0.148,0.536,96.057,179449,4,76,1
314,beautiful crazy,luke combs,2rxQMGVafnNaRaXlRMWPde,0.551,0.402,11,-7.431,1,0.0262,0.6759999999999999,0.0,0.0928,0.382,103.313,193200,4,80,1
316,lucid dreams,juice wrld,285pBltuF7vW8TeWk8hdRR,0.511,0.5660000000000001,6,-7.23,0,0.2,0.349,0.0,0.34,0.218,83.90299999999998,239836,4,86,1
318,beautiful people,ed sheeran featuring khalid,4evmHXcjt3bTUHD1cvny97,0.64,0.648,5,-8.113,0,0.187,0.124,0.0,0.0802,0.548,92.977,197867,4,75,1
319,wake up in the sky,gucci mane x bruno mars x kodak black,0QIjsbm2fh1cJ45XO9eGqq,0.8,0.578,4,-5.144,0,0.0485,0.00381,0.0,0.359,0.367,143.01,204665,4,76,1
320,whiskey glasses,morgan wallen,6foY66mWZN0pSRjZ408c00,0.614,0.68,6,-4.58,1,0.0289,0.369,1.84e-06,0.115,0.707,149.959,234347,4,82,1
321,god's country,blake shelton,1dyxS3YzBbL0t8rEVwVQ1K,0.538,0.752,10,-5.106,1,0.0396,0.0608,5.39e-06,0.118,0.217,139.984,205107,4,70,1
322,be alright,dean lewis,3EPXxR3ImUwfayaurPi3cm,0.553,0.586,11,-6.319,1,0.0362,0.697,0.0,0.0813,0.443,126.684,196373,4,80,1
323,pure water,mustard & migos,3j84U36KvLeXNDPv4t5pI8,0.682,0.559,0,-5.545,1,0.127,0.174,0.0,0.344,0.137,202.015,192471,4,77,1
324,the git up,blanco brown,2KKijf6Ett4kmVNJze2roh,0.847,0.678,9,-8.635,1,0.109,0.0669,0.0,0.274,0.811,97.984,200594,4,69,1
325,taki taki,"dj snake featuring selena gomez, ozuna & cardi b",4w8niZpiMy6qz1mntFA5uM,0.842,0.801,8,-4.167,0,0.228,0.157,4.82e-06,0.0642,0.617,95.881,212500,4,77,1
327,envy me,calboy,7rvyVWja33WG9R97oeJAjx,0.74,0.488,1,-7.664,0,0.27,0.234,0.0,0.241,0.584,149.042,120133,4,70,1
328,you say,lauren daigle,6Up545NUflOiXo8cEraH49,0.494,0.632,5,-6.89,1,0.0342,0.682,0.0,0.0869,0.0797,147.873,274693,4,76,1
329,"hey look ma, i made it",panic! at the disco,22oEJW6r2rMb9z4IntfyEa,0.577,0.833,5,-3.337,1,0.0695,0.0137,0.0,0.121,0.58,107.936,169667,4,69,1
330,beer never broke my heart,luke combs,7aEtlGHoiPAfRB084NiDmx,0.538,0.863,1,-4.483,1,0.0481,0.0139,0.0,0.0874,0.637,77.001,186733,4,78,1
331,the london,"young thug, j. cole & travis scott",7DcvwMAiqKJQD1rrdfxSDx,0.796,0.586,4,-6.946,0,0.147,0.0247,0.0,0.132,0.179,97.981,200107,4,69,1
333,murder on my mind,ynw melly,7eBqSVxrzQZtK2mmgRG6lC,0.759,0.73,0,-7.985,0,0.0516,0.145,3.06e-06,0.11,0.74,115.007,268434,4,79,1
335,act up,city girls,3A2yGHWIzmGEIolwonU69h,0.938,0.638,8,-4.713,1,0.189,0.0167,0.0,0.111,0.313,97.075,158332,4,68,1
336,i like it,"cardi b, bad bunny & j balvin",58q2HKrzhC3ozto2nDdN4z,0.816,0.726,5,-3.998,0,0.129,0.099,0.0,0.372,0.65,136.048,253390,4,80,1
337,leave me alone,flipp dinero,6V7g6qM8wheMivMWrzbPTM,0.792,0.743,7,-2.806,1,0.0851,0.107,0.0,0.183,0.742,150.024,195637,4,71,1
338,breathin,ariana grande,4OafepJy2teCjYJbvFE60J,0.568,0.656,8,-5.413,1,0.0433,0.0211,1.37e-05,0.213,0.364,100.049,198160,4,73,1
342,my type,saweetie,5KBARWIxeMGkvUax9VtVC9,0.899,0.811,2,-6.294,1,0.258,0.000677,0.0,0.0672,0.587,105.038,126446,4,71,1
343,worth it,yk osiris,0PQoUlzP7ILdcrzpajHXc0,0.749,0.535,5,-4.054,0,0.0638,0.517,0.0,0.0942,0.459,124.008,189253,5,66,1
344,knockin' boots,luke bryan,6ERR6e7h6wCqGoz1TjiUJb,0.739,0.682,2,-3.728,1,0.205,0.129,0.0,0.328,0.634,131.983,199382,4,66,1
345,trip,ella mai,6CTWathupIiDs7U4InHnDA,0.477,0.61,11,-5.628,0,0.144,0.225,0.0,0.107,0.358,79.882,213993,4,75,1
346,rumor,lee brice,56eGOeSsqdg3FLxdo83TwV,0.655,0.56,9,-6.857,1,0.0486,0.749,0.0,0.115,0.599,140.975,198440,4,72,1
348,how do you sleep?,sam smith,6b2RcmUt1g9N9mQ3CbjX2Y,0.477,0.682,1,-4.931,0,0.0925,0.153,0.0,0.0763,0.345,110.567,202205,5,75,1
350,look what god gave her,thomas rhett,2KqJC0koTBUyDlsMt5ok1V,0.739,0.85,2,-3.966,1,0.0308,0.0272,0.0,0.181,0.883,113.0,168960,4,71,1
351,good as you,kane brown,19kUPdKTp85q9RZNwaXM15,0.626,0.516,8,-6.05,1,0.0388,0.4,0.0,0.142,0.769,153.653,192053,4,67,1
352,clout,offset featuring cardi b,59ywHNwwchG4nZJMLyxSzd,0.919,0.622,1,-7.384,1,0.0997,0.228,4.24e-06,0.122,0.424,140.022,205803,4,69,1
353,love lies,khalid & normani,45Egmo7icyopuzJN0oMEdk,0.708,0.648,6,-5.626,1,0.0449,0.0956,0.0,0.134,0.338,143.955,201707,4,76,1
356,tequila,dan + shay,42fw0rxRO2xbesF6mJfd4Y,0.489,0.581,11,-5.731,1,0.0281,0.0312,0.0,0.132,0.494,86.016,196747,4,72,1
358,hot girl summer,"megan thee stallion, nicki minaj & ty dolla $ign",5N1o6d8zGcSZSeMFkOUQOk,0.872,0.814,0,-4.568,1,0.155,0.00485,1.96e-06,0.214,0.57,98.985,199427,4,67,1
359,talk you out of it,florida georgia line,4qQwGRtGT7l6ckQtdPEFd4,0.651,0.708,4,-4.791,1,0.0376,0.582,0.0,0.0796,0.558,119.964,202920,4,64,1
360,eyes on you,chase rice,5AnSllIrgGsCZzZJkVnApx,0.606,0.652,9,-6.982,1,0.0281,0.323,0.0,0.201,0.476,97.155,182493,4,69,1
361,all to myself,dan + shay,08tq1XcHwVt5PHXUo87i0D,0.646,0.781,1,-4.616,1,0.0313,0.208,0.0,0.125,0.565,94.975,169920,4,66,1
362,walk me home,p!nk,7DHApOHsIFo7EyfieArYGE,0.652,0.453,1,-6.119,1,0.0445,0.0507,0.0,0.179,0.432,88.039,177391,3,67,1
363,robbery,juice wrld,6iaSML1PIYq936g62BDtBq,0.623,0.692,2,-5.122,1,0.0504,0.328,0.0,0.153,0.566,79.899,240051,4,83,1
365,perfect,ed sheeran,0tgVpDi06FyKpA1z0VMD4v,0.599,0.448,8,-6.312,1,0.0232,0.163,0.0,0.106,0.168,95.05,263400,3,89,1
366,meant to be,bebe rexha & florida georgia line,7iDa6hUg2VgEL1o1HjmfBn,0.643,0.783,10,-6.458,1,0.0856,0.047,0.0,0.083,0.579,154.084,163870,4,75,1
367,havana,camila cabello featuring young thug,1rfofaqEpACxVEHIZBJe6W,0.765,0.523,2,-4.333,1,0.03,0.184,3.56e-05,0.132,0.394,104.988,217307,4,81,1
369,the middle,"zedd, maren morris & grey",6GG73Jik4jUlQCkKg9JuGO,0.643,0.849,2,-5.428,1,0.0526,0.0371,0.0,0.058,0.903,162.152,165853,4,81,1
371,nice for what,drake,3CA9pLiwRIGtUBiMjbZmRw,0.585,0.909,8,-6.474,1,0.0707,0.0891,9.7e-05,0.119,0.758,93.372,210747,4,79,1
373,boo'd up,ella mai,0At2qAoaVjIwWNAqrscXli,0.561,0.779,10,-5.107,0,0.0531,0.0862,0.0,0.078,0.235,81.965,256064,4,69,1
374,new rules,dua lipa,2ekn2ttSfGqwhhate0LSR0,0.762,0.7,9,-6.021,0,0.0694,0.00261,1.56e-05,0.153,0.608,116.073,209320,4,82,1
377,no tears left to cry,ariana grande,2qT1uLXPVPzGgFOx4jtEuo,0.699,0.713,9,-5.507,0,0.0594,0.04,3.11e-06,0.294,0.354,121.993,205920,4,79,1
383,friends,marshmello & anne-marie,2jQiSYrwJehQAcuaaQrXnS,0.422,0.609,11,-6.361,0,0.0335,0.0114,4.76e-06,0.108,0.0911,107.34,230011,3,83,1
384,bad at love,halsey,7y9iMe8SOB6z3NoHE2OfXl,0.675,0.751,0,-3.539,1,0.0296,0.0604,0.0,0.0893,0.612,118.384,181279,4,74,1
385,taste,tyga featuring offset,05ib88vsMeLfwlAfrZyz99,0.626,0.623,6,-5.718,0,0.0653,0.0559,0.0,0.199,0.123,140.209,216120,4,75,1
386,let you down,nf,52okn5MNA47tk87PeZJLEL,0.662,0.714,5,-5.68,0,0.121,0.312,0.0,0.179,0.464,147.997,212120,4,81,1
387,no limit,g-eazy featuring a$ap rocky & cardi b,2DQ1ITjI0YoLFzuADN1ZBW,0.838,0.771,1,-3.791,1,0.244,0.0117,0.0,0.0853,0.405,175.957,245387,4,72,1
389,feel it still,portugal. the man,6QgjcU0zLnzq5OrUoSZ3OK,0.801,0.795,1,-5.115,0,0.0504,0.0417,0.000113,0.0717,0.754,79.028,163253,4,78,1
390,motorsport,"migos, nicki minaj & cardi b",4wFjTWCunQFKtukqrNijEt,0.904,0.518,2,-5.32,1,0.183,0.0305,0.0,0.325,0.188,137.996,303077,4,73,1
391,i like me better,lauv,0EcQcdcbQeVJn9fknj44Be,0.753,0.505,9,-7.621,1,0.255,0.534,2.58e-06,0.104,0.419,91.972,197437,4,83,1
392,whatever it takes,imagine dragons,6Qn5zhYkTa37e91HC1D7lb,0.672,0.655,10,-5.021,0,0.0311,0.0362,0.0,0.117,0.556,134.945,201240,4,82,1
393,ric flair drip,offset & metro boomin,7sO5G9EABYOXQKNPNiE9NR,0.88,0.428,9,-8.28,1,0.206,0.149,5.05e-05,0.114,0.333,100.007,172800,4,85,1
394,i fall apart,post malone,75ZvA4QfFiZvzhj2xkaWAh,0.556,0.538,8,-5.408,0,0.0382,0.0689,0.0,0.196,0.291,143.95,223347,4,80,1
395,pray for me,the weeknd & kendrick lamar,6huNf4dutXRjJyGn7f5BPS,0.732,0.678,2,-4.977,1,0.0886,0.0867,2.41e-05,0.112,0.196,100.626,211421,4,82,1
396,back to you,selena gomez,3K00Ib1shkOEiAXU5pec6e,0.679,0.548,0,-7.495,1,0.0298,0.234,0.0,0.189,0.413,115.954,155909,4,78,1
397,walk it talk it,migos featuring drake,6n4U3TlzUGhdSFbUUhTvLP,0.907,0.633,2,-5.145,1,0.184,0.0876,2.6e-06,0.106,0.395,145.914,276147,4,77,1
398,gucci gang,lil pump,43ZyHQITOjhciSUUNPVRHc,0.936,0.523,5,-6.71,1,0.0597,0.239,0.0,0.117,0.699,119.889,124056,4,64,1
399,him & i,g-eazy & halsey,5k38wzpLb15YgncyWdTZE4,0.589,0.731,2,-6.343,1,0.0868,0.0534,0.0,0.308,0.191,87.908,268867,4,79,1
400,in my blood,shawn mendes,2QZ7WLBE8h2y1Y5Fb8RYbH,0.622,0.712,5,-7.321,1,0.066,0.0573,0.0,0.13,0.487,140.025,211360,4,76,1
402,stir fry,migos,2UVbBKQOdFAekPTRsnkzcf,0.817,0.816,2,-5.402,1,0.269,0.00263,0.0,0.159,0.508,181.982,190288,4,78,1
403,too good at goodbyes,sam smith,3VlbOrM6nYPprVvzBZllE5,0.681,0.372,5,-8.237,1,0.0432,0.64,0.0,0.169,0.476,91.873,201000,4,77,1
404,love.,kendrick lamar featuring zacari,1eIXYZWEfJO3Na2LCCnIJE,0.707,0.261,9,-10.139,0,0.0784,0.853,0.0,0.127,0.545,65.038,183893,4,87,1
405,this is america,childish gambino,0b9oOr2ZgvyQu88wzixux9,0.854,0.463,5,-6.159,1,0.137,0.117,0.0,0.354,0.549,120.024,225773,4,71,1
407,heaven,kane brown,1HXy5I3HTWq8OvxCn0z7G7,0.677,0.556,9,-6.544,1,0.0306,0.263,0.0,0.105,0.521,80.006,179507,4,74,1
409,freaky friday,lil dicky featuring chris brown,10Igtw8bSDyyFs7KIsKngZ,0.755,0.599,8,-5.042,1,0.224,0.147,0.0,0.109,0.755,133.123,216632,4,71,1
410,gummo,6ix9ine,4HbiCvH1R7mVOJ7KY7JQBD,0.66,0.775,2,-4.926,1,0.172,0.0553,0.0,0.129,0.635,157.036,157643,4,64,1
411,plug walk,rich the kid,1ZAyjvIk9YiD76yYy0TEG6,0.876,0.519,11,-6.531,1,0.143,0.202,0.0,0.108,0.158,94.981,175230,4,72,1
413,wolves,selena gomez x marshmello,33gwZOGJWEZ7dRWPqPxBEZ,0.724,0.675,2,-5.267,1,0.0867,0.0978,9.41e-06,0.351,0.325,160.048,199758,4,77,1
415,god is a woman,ariana grande,5OCJzvD7sykQEKHH7qAC3C,0.602,0.658,1,-5.934,1,0.0558,0.0233,6e-05,0.237,0.268,145.031,197547,4,80,1
417,sorry not sorry,demi lovato,0yvPEnB032fojLfVluFjUv,0.706,0.643,11,-6.929,0,0.234,0.0242,0.0,0.262,0.885,143.931,203760,4,76,1
418,how long,charlie puth,6wmAHw1szh5RCKSRjiXhPe,0.845,0.561,1,-5.253,0,0.0778,0.211,3.49e-06,0.0383,0.811,109.974,200853,4,74,1
419,lights down low,max featuring gnash,5A6BJLZArq1MPjsnmcuk5f,0.623,0.493,5,-7.727,0,0.0338,0.0632,0.0,0.104,0.594,81.019,223847,4,64,1
420,young dumb & broke,khalid,5Z3GHaZ6ec9bsiI5BenrbY,0.799,0.539,1,-6.351,1,0.0421,0.199,1.66e-05,0.165,0.394,136.948,202547,4,81,1
421,one kiss,calvin harris & dua lipa,7ef4DlsgrMEH11cDZd32M6,0.791,0.862,9,-3.24,0,0.11,0.037,2.19e-05,0.0814,0.592,123.994,214847,4,89,1
422,natural,imagine dragons,2FY7b99s15jUprqC0M5NCT,0.704,0.611,2,-6.112,1,0.0409,0.217,0.0,0.0812,0.22,100.0,189467,4,83,1
423,you make it easy,jason aldean,6EGAfJaLUFzhS4zRBIEQ2J,0.375,0.574,7,-5.305,1,0.0315,0.143,0.0,0.11,0.406,132.025,196800,3,72,1
424,shape of you,ed sheeran,7qiZfU4dY1lWllzX7mPBI3,0.825,0.652,1,-3.183,0,0.0802,0.581,0.0,0.0931,0.931,95.977,233713,4,87,1
427,plain jane,a$ap ferg featuring nicki minaj,4dVpf9jZjcORqGTLUaeYj9,0.797,0.844,11,-5.482,1,0.275,0.0651,0.0,0.087,0.52,170.142,173600,4,75,1
428,sky walker,miguel featuring travis scott,5WoaF1B5XIEnWfmb5NZikf,0.674,0.506,6,-10.532,1,0.0434,0.173,0.0,0.0866,0.183,145.965,259333,4,74,1
429,marry me,thomas rhett,0OWZFobGSIW9GrSlQ9C5pc,0.333,0.412,3,-8.633,1,0.029,0.0977,0.0,0.113,0.474,85.028,205453,4,70,1
430,call out my name,the weeknd,09mEdoA6zrmBPgTEN5qXmN,0.461,0.593,1,-4.954,1,0.0356,0.17,0.0,0.307,0.175,134.17,228373,3,90,1
433,simple,florida georgia line,4L9Ds4mpD3SuYoWwFUlv16,0.362,0.882,3,-3.717,1,0.0973,0.0791,0.0,0.15,0.864,199.811,185200,4,73,1
434,lemon,n*e*r*d & rihanna,7hxHWCCAIIxFLCzvDgnQHX,0.8,0.658,1,-6.142,0,0.079,0.25,0.0,0.111,0.462,140.042,195429,4,77,1
435,1-800-273-8255,logic featuring alessia cara & khalid,5tz69p7tJuGPeMGwNTxYuV,0.62,0.574,5,-7.788,0,0.0479,0.569,0.0,0.19,0.357,100.023,250173,4,78,1
436,say something,justin timberlake featuring chris stapleton,6Vc5wAMmXdKIAM7WUoEb7N,0.407,0.147,2,-8.822,1,0.0355,0.857,2.89e-06,0.0913,0.0765,141.284,229400,3,75,1
438,get along,kenny chesney,6n6OQfBpCgzF9oEg8zhBN7,0.632,0.804,7,-6.109,1,0.0503,0.101,0.0,0.17,0.35,92.456,199625,4,67,1
440,what lovers do,maroon 5 featuring sza,2j5hsQvApottzvTn4pFJWF,0.799,0.597,5,-5.131,0,0.0611,0.0788,5.66e-06,0.1,0.419,110.001,199849,4,66,1
441,x,nicky jam x j balvin,7GX5flRQZVHRAGd6B4TmDO,0.732,0.75,11,-6.366,0,0.231,0.00264,0.0,0.109,0.401,155.096,182707,4,84,1
442,outside today,youngboy never broke again,3sA7HKGzcKTVscdiTCrWpX,0.851,0.666,11,-5.334,0,0.0694,0.139,0.0,0.105,0.0585,134.068,129105,4,70,1
444,changes,xxxtentacion,7AFASza1mXqntmGtbxXprO,0.669,0.308,11,-10.068,1,0.029,0.883,0.0,0.0984,0.52,64.934,121887,4,80,1
445,mercy,brett young,0AS63m1wHv9n4VVRizK6Hc,0.555,0.662,11,-4.952,0,0.0827,0.125,0.0,0.111,0.356,148.128,208733,4,83,1
446,one number away,luke combs,4gB7HrYHbJVJ5RFOjxmoq4,0.544,0.781,6,-6.16,0,0.0311,0.00585,0.0,0.191,0.527,144.075,221800,4,73,1
448,idgaf,dua lipa,76cy1WJvNGJTj78UqeA5zr,0.836,0.544,7,-5.975,1,0.0943,0.0403,0.0,0.0824,0.51,97.028,217947,4,80,1
449,mi gente,j balvin & willy william featuring beyonce,4ipnJyDU3Lq15qBAYNqlqK,0.774,0.687,11,-4.818,0,0.0584,0.0179,1.17e-05,0.128,0.308,104.959,189440,4,71,1
450,believer,imagine dragons,0pqnGHJpmpxLKifKRmU6WP,0.776,0.78,10,-4.374,0,0.128,0.0622,0.0,0.081,0.666,124.949,204347,4,89,1
451,despacito,luis fonsi & daddy yankee featuring justin bieber,6habFhsOp2NvshLv26DqMb,0.655,0.797,2,-4.787,1,0.153,0.198,0.0,0.067,0.839,177.928,229360,4,81,1
452,that's what i like,bruno mars,0KKkJNfGyhkQ5aFogxQAPU,0.853,0.56,1,-4.961,1,0.0406,0.013,0.0,0.0944,0.86,134.066,206693,4,85,1
453,humble.,kendrick lamar,7KXjTSCq5nL1LoYtL7XAwS,0.908,0.621,1,-6.638,0,0.102,0.000282,5.39e-05,0.0958,0.421,150.011,177000,4,85,1
454,something just like this,the chainsmokers & coldplay,6RUKPb4LETWmmr3iAEQktW,0.617,0.635,11,-6.769,0,0.0317,0.0498,1.44e-05,0.164,0.446,103.019,247160,4,86,1
456,closer,the chainsmokers featuring halsey,7BKLCZ1jbUBVqRi2FVlTVw,0.748,0.524,8,-5.599,1,0.0338,0.414,0.0,0.111,0.661,95.01,244960,4,86,1
457,body like a back road,sam hunt,7FpBQ067pHB67deawpbbcY,0.736,0.458,5,-7.437,1,0.0316,0.441,0.0,0.148,0.65,98.977,162547,4,72,1
458,congratulations,post malone featuring quavo,3a1lNhkSLSkpJE4MSHpDu9,0.63,0.804,6,-4.183,1,0.0363,0.215,0.0,0.253,0.492,123.146,220293,4,83,1
459,say you won't let go,james arthur,5uCax9HTNlzGybIStD3vDh,0.358,0.557,10,-7.398,1,0.059,0.695,0.0,0.0902,0.494,85.043,211467,4,87,1
460,i'm the one,"dj khaled featuring justin bieber, quavo, chance the rapper & lil wayne",1jYiIOC5d6soxkJP81fxq2,0.599,0.667,7,-4.267,1,0.0367,0.0533,0.0,0.134,0.817,80.984,288877,4,64,1
463,24k magic,bruno mars,6b8Be6ljOzmkOmFslEb23P,0.818,0.803,1,-4.282,1,0.0797,0.034,0.0,0.153,0.632,106.97,225983,4,81,1
464,wild thoughts,dj khaled featuring rihanna & bryson tiller,45XhKYRRkyeqoW3teSOkCM,0.613,0.681,8,-3.089,1,0.0778,0.0287,0.0,0.126,0.619,97.621,204664,4,66,1
465,black beatles,rae sremmurd featuring gucci mane,6fujklziTHa8uoM5OQSfIo,0.794,0.632,0,-6.163,1,0.0649,0.142,0.0,0.128,0.355,145.926,291893,4,77,1
466,starboy,the weeknd featuring daft punk,7MXVkk9YMctZqd1Srtv4MB,0.679,0.587,7,-7.015,1,0.276,0.141,6.35e-06,0.137,0.486,186.003,230453,4,92,1
468,attention,charlie puth,2pIUpMhHL6L9Z5lnKxJJr9,0.811,0.648,10,-3.684,0,0.0368,0.236,0.0,0.0761,0.695,104.988,180067,4,86,1
469,there's nothing holdin' me back,shawn mendes,7JJmb5XwzOO8jgpou264Ml,0.866,0.813,11,-4.063,0,0.0554,0.38,0.0,0.0779,0.969,121.998,199440,4,87,1
474,issues,julia michaels,7vu0JkJh0ldukEYbTVcqd0,0.728,0.415,8,-6.852,1,0.0639,0.401,0.0,0.0616,0.455,114.145,176320,4,76,1
475,scars to your beautiful,alessia cara,0wI7QkCcs8FUQE1OkXUIqd,0.573,0.739,0,-5.74,1,0.129,0.0285,0.0,0.111,0.451,97.085,230240,4,80,1
476,slow hands,niall horan,2cOUlop2ZakjOKe4WinesN,0.735,0.425,0,-6.648,1,0.0464,0.011,0.0,0.055,0.848,85.896,188174,4,76,1
477,love on the brain,rihanna,5oO3drDxtziYU2H1X23ZIp,0.509,0.637,4,-4.83,0,0.0471,0.0717,1.08e-05,0.0789,0.378,172.006,224000,3,85,1
478,i feel it coming,the weeknd featuring daft punk,3dhjNA0jGA8vHBQ1VdD6vV,0.773,0.819,0,-5.946,0,0.118,0.428,0.0,0.0679,0.585,92.987,269187,4,82,1
479,bounce back,big sean,0SGkqnVQo9KPytSri1H6cF,0.78,0.575,1,-5.628,0,0.139,0.106,0.0,0.129,0.273,81.502,222360,4,71,1
480,strip that down,liam payne featuring quavo,4Ro98RCK90oHqqSZUnTFq5,0.874,0.497,6,-5.484,1,0.0562,0.22,0.0,0.0761,0.542,106.023,204502,4,67,1
481,fake love,drake,343YBumqHu19cGoGARUTsd,0.928,0.481,9,-9.35,0,0.287,0.105,0.0,0.176,0.613,134.007,210937,4,75,1
482,don't wanna know,maroon 5 featuring kendrick lamar,1nueTG77MzNkJTKQ0ZdGzT,0.783,0.61,7,-6.124,1,0.0696,0.343,0.0,0.0983,0.418,100.047,214265,4,62,1
483,look what you made me do,taylor swift,1P17dC1amhFzptugyAO7Il,0.766,0.709,9,-6.471,0,0.123,0.204,1.41e-05,0.126,0.506,128.07,211853,4,80,1
484,castle on the hill,ed sheeran,6PCUP3dWmTjcTtXY02oFdT,0.461,0.834,2,-4.868,1,0.0989,0.0232,1.14e-05,0.14,0.471,135.007,261154,4,80,1
485,bad things,machine gun kelly x camila cabello,3jTWNaSfBQvv3HPTqQjkkM,0.5,0.844,5,-5.263,0,0.064,0.000791,9.54e-05,0.274,0.141,92.044,228261,4,68,1
486,paris,the chainsmokers,7712gjoih4QoDbXpljEk21,0.7,0.509,7,-10.547,1,0.0789,0.112,3.27e-05,0.137,0.345,110.947,196259,4,82,1
487,side to side,ariana grande featuring nicki minaj,43bCmCI0nSgcT7QdMXY6LV,0.65,0.736,6,-5.84,0,0.229,0.0528,0.0,0.235,0.613,159.173,226160,4,69,1
488,rockabye,clean bandit featuring sean paul & anne-marie,5knuzwU65gJK7IF5yJsuaW,0.72,0.763,9,-4.068,0,0.0523,0.406,0.0,0.18,0.742,101.965,251088,4,76,1
489,let me love you,dj snake featuring justin bieber,0lYBSQXN6rCTvUZvg9S0lU,0.649,0.716,8,-5.371,1,0.0349,0.0863,2.63e-05,0.135,0.163,99.988,205947,4,85,1
491,can't stop the feeling!,justin timberlake,1WkMMavIMc4JZ8cfMmxHkI,0.669,0.832,0,-5.721,1,0.0682,0.0106,0.0,0.0968,0.7,113.035,237547,4,74,1
492,t-shirt,migos,1rkfJLgTlB6XYNjgZ0sVaK,0.865,0.687,10,-3.744,0,0.217,0.242,0.0,0.158,0.486,139.023,242407,4,69,1
495,in case you didn't know,brett young,10M2Ex445zw585Ducldzkw,0.607,0.536,10,-7.306,1,0.0305,0.386,0.0,0.102,0.434,147.986,224853,4,77,1
496,heathens,twenty one pilots,6i0V12jOa3mr6uu4WYhUBr,0.732,0.396,4,-9.348,0,0.0286,0.0841,3.58e-05,0.105,0.548,90.024,195920,4,82,1
497,now or never,halsey,7i2DJ88J7jQ8K7zqFX2fW8,0.67,0.585,6,-4.861,0,0.0354,0.107,1.11e-06,0.131,0.447,110.03,214802,4,66,1
499,rolex,ayo & teo,0pSBuHjILhNEo55xK1zrRt,0.804,0.886,1,-2.512,1,0.04,0.0837,0.0,0.266,0.789,144.946,238587,4,70,1
502,swang,rae sremmurd,6mapJIPnQ23RTAevUoE0DL,0.681,0.314,8,-9.319,1,0.0581,0.2,9.82e-06,0.1,0.166,139.992,208120,4,77,1
504,loyalty.,kendrick lamar featuring rihanna,6SwRhMLwNqEi6alNPVG00n,0.658,0.535,9,-8.983,0,0.0573,0.0265,0.0,0.2,0.419,110.684,227360,4,74,1
505,praying,kesha,0jdny0dhgjUwoIp5GkqEaA,0.543,0.39,10,-7.202,1,0.0322,0.489,0.0,0.111,0.303,73.415,230267,4,71,1
506,goosebumps,travis scott,6gBFPUFcJLzWGx4lenP6h2,0.841,0.728,7,-3.37,1,0.0484,0.0847,0.0,0.149,0.43,130.049,243837,4,85,1
507,broccoli,d.r.a.m. featuring lil yachty,0qy5D3OJre7SPJNMOL9I71,0.886,0.525,8,-7.39,1,0.132,0.236,0.0,0.057,0.708,145.99,225205,4,68,1
508,what ifs,kane brown featuring lauren alaina,7zVCrzzEJU7u24sbJPXA5W,0.612,0.799,10,-4.603,1,0.0275,0.00898,0.0,0.172,0.687,125.976,188253,4,73,1
509,chained to the rhythm,katy perry featuring skip marley,7qvxFz3JodM0A7xEM7k3YD,0.562,0.8,0,-5.404,1,0.112,0.0814,0.0,0.199,0.471,95.029,237733,4,70,1
511,all time low,jon bellion,0SuLAslEMFZAXf0SwY7syi,0.617,0.567,0,-4.188,1,0.0828,0.0584,0.0,0.0933,0.505,90.246,217603,4,68,1
512,hurricane,luke combs,6xHI9KjUjYT0FPtGO8Mxa1,0.464,0.813,10,-6.185,1,0.0416,0.0153,0.0,0.254,0.515,75.977,222533,4,77,1
513,magnolia,playboi carti,1e1JKLEDKP7hEQzJfNAgPl,0.791,0.582,11,-7.323,0,0.286,0.0114,0.0,0.35,0.443,162.991,181812,4,80,1
514,love galore,sza featuring travis scott,0q75NwOoFiARAVp4EXU4Bs,0.795,0.594,0,-6.2,1,0.0748,0.112,0.0,0.162,0.409,135.002,275080,4,79,1
515,drowning,a boogie wit da hoodie featuring kodak black,1f5cbQtDrykjarZVrShaDI,0.839,0.81,5,-5.274,0,0.0568,0.501,0.0,0.117,0.814,129.014,209269,4,80,1
516,starving,hailee steinfeld & grey featuring zedd,4Ce37cRWvM1vIGGynKcs22,0.728,0.616,4,-4.238,1,0.0645,0.378,0.0,0.105,0.508,99.962,181880,4,76,1
517,both,gucci mane featuring drake,5tFep7dXGd7vEJ668wTPux,0.85,0.405,7,-7.509,0,0.225,0.119,0.000118,0.0707,0.344,139.976,190312,4,69,1
518,what about us,p!nk,0Qh38w01QRXK6KHIv0e3hb,0.491,0.588,1,-6.177,1,0.0506,0.0281,2.01e-06,0.0906,0.193,113.608,269600,4,75,1
519,swalla,jason derulo featuring nicki minaj & ty dolla $ign,6kex4EBAj0WHXDKZMEJaaF,0.696,0.817,1,-3.862,1,0.109,0.075,0.0,0.187,0.782,98.064,216409,4,76,1
520,slippery,migos featuring gucci mane,0TBgMKD86t1VP3IzhxCoUl,0.92,0.675,1,-5.661,0,0.263,0.307,0.0,0.104,0.749,141.967,304041,4,71,1
522,water under the bridge,adele,4viFAHmivkYQKkwLvwKOgg,0.635,0.866,5,-2.695,1,0.0473,0.0697,0.0,0.0955,0.853,133.889,169760,4,71,1
524,down,marian hill,6cmm1LMvZdB5zsCwX5BjqE,0.727,0.68,2,-4.498,1,0.0286,0.0101,0.0,0.0821,0.728,132.012,212507,4,79,1
525,no promises,cheat codes featuring demi lovato,5lNuqFVMca4vPupY10cH0J,0.739,0.619,10,-6.669,1,0.162,0.0572,0.0,0.105,0.58,112.961,222787,4,60,1
527,small town boy,dustin lynch,2YMhrXQYKkm4kXLcXKKd5z,0.554,0.743,9,-6.016,1,0.0287,0.0251,0.0,0.359,0.673,72.997,205733,4,69,1
528,everyday we lit,yfn lucci featuring pnb rock,3J8Q6aBhjpvao8BsBQ6H9Y,0.758,0.646,7,-4.701,1,0.113,0.128,0.0,0.0776,0.589,155.949,197171,4,61,1
529,do re mi,blackbear,6Se3x9ANMLv0dCDsjGmEjh,0.745,0.593,8,-6.35,1,0.0524,0.00522,5.06e-06,0.123,0.17,111.001,212027,3,73,1
530,look at me!,xxxtentacion,7floNISpH8VF4z4459Qo18,0.763,0.726,1,-6.405,1,0.282,0.259,0.0,0.0976,0.349,139.059,126346,4,83,1
531,the fighter,keith urban featuring carrie underwood,5OUSPcqhYTOzpbXzoEvKim,0.681,0.845,11,-5.147,0,0.0525,0.0304,0.0,0.197,0.761,132.023,184040,4,63,1
535,work,rihanna featuring drake,2wAJTrFhCnQyNSD3oUgTZO,0.831,0.427,2,-6.903,1,0.106,0.0531,0.0,0.307,0.216,93.004,235320,4,82,1
536,stressed out,twenty one pilots,3CRDbSIZ4r5MsZ0YwxuEkn,0.734,0.637,4,-5.677,0,0.141,0.0462,2.29e-05,0.0602,0.648,169.977,202333,4,86,1
538,hello,adele,2r6OAV3WsYtXuXjvJ1lIDi,0.905,0.647,10,-5.065,0,0.107,0.0187,0.0,0.282,0.367,130.97,190534,4,79,1
542,needed me,rihanna,4pAl7FkDMNBsjykPXo91B3,0.671,0.314,5,-8.091,0,0.244,0.11,0.0,0.0825,0.296,110.898,191600,4,83,1
543,my house,flo rida,6Knv6wdA0luoMUuuoYi2i1,0.688,0.702,7,-4.792,0,0.0499,0.0215,0.0,0.128,0.74,94.006,192191,4,77,1
544,i took a pill in ibiza,mike posner,1MtUq6Wp1eQ8PC6BbPCj8P,0.664,0.714,7,-6.645,0,0.111,0.0353,8.42e-06,0.0843,0.71,101.969,197933,4,74,1
545,work from home,fifth harmony featuring ty dolla $ign,4tCtwWceOPWzenK2HAIJSb,0.803,0.585,8,-5.861,1,0.0432,0.103,3.94e-06,0.0644,0.593,105.017,214480,4,77,1
547,cake by the ocean,dnce,76hfruVvmfQbw0eYn1nmeC,0.774,0.753,4,-5.446,0,0.0517,0.152,0.0,0.0371,0.896,119.002,219147,4,82,1
548,"me, myself & i",g-eazy x bebe rexha,40YcuQysJ0KlGQTeGUosTC,0.756,0.674,0,-6.518,0,0.0959,0.0184,0.0,0.158,0.389,111.995,251467,4,79,1
549,ride,twenty one pilots,2Z8WuEywRWYTKe1NybPQEW,0.645,0.713,6,-5.355,1,0.0393,0.00835,0.0,0.113,0.566,74.989,214507,4,83,1
550,pillowtalk,zayn,0PDUDa38GO8lMxLCRc4lL1,0.584,0.7,11,-4.275,1,0.0456,0.117,0.0,0.0939,0.438,124.944,202747,4,78,1
551,stitches,shawn mendes,5jsw9uXEGuKyJzs0boZ1bT,0.752,0.754,1,-6.684,1,0.0615,0.0151,0.0,0.0486,0.755,149.789,206880,4,77,1
553,cold water,major lazer featuring justin bieber & mo,7zsXy7vlHdItvUSH8EwQss,0.608,0.798,6,-5.092,0,0.0432,0.0736,0.0,0.156,0.501,92.943,185360,4,69,1
554,send my love (to your new lover),adele,0t7fVeEJxO2Xi4H2K5Svc9,0.688,0.533,6,-8.363,0,0.0865,0.0355,3.48e-06,0.172,0.567,164.069,223079,4,74,1
557,the hills,the weeknd,7fBv7CLKzipRk6EC6TWHOB,0.585,0.564,0,-7.063,0,0.0515,0.0671,0.0,0.135,0.137,113.003,242253,4,89,1
558,just like fire,p!nk,7K5dzhGda2vRTaAWYI3hrb,0.632,0.702,7,-5.92,1,0.148,0.0114,0.0,0.108,0.523,162.958,215414,4,70,1
559,don't,bryson tiller,3pXF1nA74528Edde4of9CC,0.765,0.356,11,-5.556,0,0.195,0.223,0.0,0.0963,0.189,96.991,198293,4,85,1
560,dangerous woman,ariana grande,6RUhbFEhrvGISaQ8u2j2JN,0.664,0.602,4,-5.369,0,0.0412,0.0529,0.0,0.356,0.289,134.049,235947,3,69,1
561,jumpman,drake & future,27GmP9AWRs744SzKcpJsTZ,0.852,0.553,1,-7.286,1,0.187,0.0559,0.0,0.332,0.656,142.079,205879,4,72,1
563,here,alessia cara,78Sw5GDo6AlGwTwanjXbGh,0.574,0.469,4,-8.209,1,0.0254,0.534,9.21e-05,0.128,0.288,132.023,242485,4,94,1
564,same old love,selena gomez,1BZG99C7Co1r6QUC3zaS59,0.672,0.593,11,-4.01,0,0.0304,0.0223,0.0,0.214,0.438,98.02,229080,4,67,1
565,controlla,drake,3O8NlPh2LByMU9lSRSHedm,0.59,0.468,10,-11.083,0,0.185,0.0789,0.0,0.101,0.349,92.287,245227,4,72,1
566,like i'm gonna lose you,meghan trainor featuring john legend,2YlZnw2ikdb837oKMKjBkW,0.63,0.53,0,-7.259,1,0.0434,0.4,0.0,0.177,0.417,108.038,225053,3,80,1
567,one call away,charlie puth,7soJgKhQTO8hLP2JPRkL5O,0.667,0.613,1,-5.353,1,0.0344,0.403,0.0,0.115,0.47,91.024,194453,4,67,1
568,let it go,james bay,13HVjjWUZFaWilh2QUJKsP,0.546,0.311,1,-10.396,1,0.0288,0.818,1.65e-05,0.107,0.246,147.464,260533,4,71,1
569,no,meghan trainor,5Y35SjAfXjjG0sFQ3KOxmm,0.358,0.284,7,-8.285,1,0.0285,0.805,0.0,0.183,0.276,99.796,180853,3,93,1
570,never forget you,zara larsson & mnek,6hmhG1b4LEyNuashVvuIAo,0.583,0.732,11,-5.728,0,0.0457,0.00312,9.86e-06,0.269,0.276,145.992,213428,4,74,1
572,h.o.l.y.,florida georgia line,0BCy325UZyR9z0t0uxwn2N,0.523,0.666,7,-4.081,0,0.0327,0.401,0.0,0.0728,0.564,78.077,194187,4,70,1
573,we don't talk anymore,charlie puth featuring selena gomez,37FXw5QGFN7uwwsLy8uAc0,0.728,0.563,1,-8.053,0,0.134,0.621,0.0,0.179,0.352,100.017,217707,4,70,1
574,into you,ariana grande,63y6xWR4gXz7bnUGOk8iI6,0.623,0.734,9,-5.948,1,0.107,0.0162,1.75e-06,0.145,0.37,107.853,244453,4,71,1
576,exchange,bryson tiller,43PuMrRfbyyuz4QpZ3oAwN,0.525,0.433,6,-10.598,1,0.185,0.107,0.0,0.135,0.276,160.108,194613,4,80,1
578,oui,jeremih,0PJIbOdMs3bd5AT8liULMQ,0.418,0.724,5,-3.724,1,0.0964,0.213,0.0,0.112,0.604,78.521,238320,5,77,1
581,for free,dj khaled featuring drake,5TqBAOIBe0bQA0spNdcG3k,0.916,0.571,10,-8.241,0,0.2,0.0173,1.11e-06,0.153,0.498,103.521,183695,4,58,1
582,never be like you,flume featuring kai,5WI2ltQIdwgzf1SNE76JyR,0.444,0.557,0,-5.476,1,0.0602,0.453,0.0,0.152,0.296,115.058,234910,4,68,1
583,in the night,the weeknd,25KybV9BOUlvcnv7nN3Pyo,0.505,0.68,7,-4.993,1,0.0714,0.0796,0.0,0.0465,0.539,168.022,235653,3,77,1
585,ex's & oh's,elle king,70eDxAyAraNTiD6lx2ZEnH,0.612,0.921,7,-2.882,1,0.085,0.0183,0.0,0.0576,0.446,139.988,202173,4,73,1
586,die a happy man,thomas rhett,5kNe7PE09d6Kvw5pAsx23n,0.595,0.389,2,-9.245,1,0.0349,0.418,1.39e-06,0.116,0.4,166.052,227427,4,74,1
587,white iverson,post malone,6eT7xZZlB2mwyzJ2sUKG6w,0.675,0.562,7,-7.678,1,0.0352,0.233,0.0,0.0816,0.309,130.098,256533,4,77,1
590,down in the dm,yo gotti featuring nicki minaj,5w1vhNA2OEWUQ371QzyMmM,0.791,0.634,1,-7.684,0,0.0639,0.00243,5.43e-05,0.0812,0.323,152.961,259072,4,61,1
591,luv,tory lanez,16Ah4QqH4mgYVXqfC4mdSd,0.539,0.528,11,-8.113,0,0.252,0.0108,0.0,0.117,0.252,190.169,228640,4,68,1
593,hymn for the weekend,coldplay,3RiPr603aXAoi4GHyXx0uy,0.491,0.693,0,-6.487,0,0.0377,0.211,6.92e-06,0.325,0.412,90.027,258267,4,84,1
594,say it,tory lanez,2Gyc6e2cLxA5hoX1NOvYnU,0.546,0.529,11,-10.511,0,0.0583,0.0862,6.5e-06,0.124,0.247,107.331,237787,4,77,1
595,antidote,travis scott,1wHZx0LgzFHyeIZkUydNXq,0.713,0.526,1,-5.046,1,0.032,0.00767,0.000148,0.124,0.131,131.05,262693,4,74,1
599,on my mind,ellie goulding,5a7NdkF09AfD0H607eiOkX,0.702,0.705,0,-6.666,1,0.0543,0.258,5.93e-06,0.0879,0.743,154.911,213445,4,66,1
600,pop style,drake featuring the throne,5mPSyjLatqB00IkPqRlbTE,0.713,0.462,7,-10.027,1,0.123,0.192,2.16e-06,0.105,0.0594,133.053,212947,4,64,1
601,when we were young,adele,7GgWAITsYJaRM3r50rfh5w,0.376,0.595,3,-5.936,1,0.0496,0.303,0.0,0.095,0.265,144.361,290900,4,76,1
602,hide away,daya,7fPyCCiXVwbzPQ1MtoUChl,0.884,0.826,11,-3.672,0,0.0853,0.222,2.29e-06,0.0651,0.465,94.997,191368,4,67,1
604,i know what you did last summer,shawn mendes & camila cabello,2GyA33q5rti5IxkMQemRDH,0.687,0.761,9,-4.582,0,0.0876,0.102,0.0,0.147,0.743,113.939,223853,4,73,1
605,watch me,silento,5RIVoVdkDLEygELLCniZFr,0.821,0.759,8,-8.541,1,0.121,0.247,0.0,0.321,0.962,140.01,185143,4,66,1
606,back to sleep,chris brown,6dlpABcXrQKRU9G00i6Zba,0.647,0.646,9,-5.483,0,0.243,0.0424,0.0,0.0888,0.721,92.981,201253,4,65,1
607,cut it,o.t. genasis featuring young dolph,376KnY4TrgBITxjlnbnmIy,0.875,0.673,7,-4.184,1,0.0932,0.135,0.0,0.292,0.231,130.0,222600,4,59,1
608,really really,kevin gates,10I3CmmwT0BkOVhduDy53o,0.762,0.666,0,-6.055,1,0.0916,0.00427,0.0,0.127,0.278,118.97,232093,4,70,1
609,all in my head (flex),fifth harmony featuring fetty wap,7nD9nN3jord9wWcfW3Gkcm,0.689,0.791,0,-5.194,0,0.053,0.023,0.0,0.0526,0.755,95.04,210573,4,62,1
611,humble and kind,tim mcgraw,4Pn0JlCUusD2QHjADuOzuV,0.355,0.48,11,-7.31,1,0.0282,0.679,2.28e-06,0.12,0.137,100.956,259267,3,70,1
613,tiimmy turner,desiigner,3NJG6vMH1ZsectZkocMEm0,0.603,0.725,6,-3.054,1,0.0393,0.174,0.0,0.0786,0.304,122.803,239853,4,69,1
614,see you again,wiz khalifa featuring charlie puth,7KA4W4McWYRpgf0fWsJZWB,0.558,0.559,6,-9.222,1,0.0959,0.371,7.49e-06,0.109,0.62,78.558,180387,4,86,1
615,thinking out loud,ed sheeran,34gCuhDGsG4bRPIf9bb02f,0.781,0.445,2,-6.061,1,0.0295,0.474,0.0,0.184,0.591,78.998,281560,4,84,1
616,trap queen,fetty wap,2d8JP84HNLKhmd6IYOoupQ,0.746,0.873,7,-3.803,1,0.128,0.0244,0.0,0.354,0.817,148.075,222093,4,75,1
617,sugar,maroon 5,2TfSHkHiFO4gRztVIkggkE,0.494,0.842,7,-4.784,1,0.0843,0.00579,0.0,0.122,0.574,162.011,229093,4,79,1
618,shut up and dance,walk the moon,4kbj5MwxO1bq9wjT5g9HaA,0.578,0.866,1,-3.804,1,0.0619,0.00701,0.0,0.257,0.619,128.038,199080,4,84,1
619,blank space,taylor swift,1p80LdxRV74UKvL8gnD7ky,0.753,0.678,5,-5.421,1,0.0644,0.085,1.64e-06,0.13,0.583,96.006,231827,4,78,1
620,earned it (fifty shades of grey),the weeknd,4frLb7nWtsz2ymBE6k2GRP,0.659,0.291,2,-8.275,0,0.0348,0.405,0.0,0.0771,0.406,119.829,277680,3,76,1
621,cheerleader,omi,023OVLNzXhX0j7CxswUt6D,0.78,0.68,4,-6.081,1,0.0305,0.141,1.2e-05,0.138,0.594,118.026,180560,4,68,1
622,love me like you do,ellie goulding,0Cy7wt6IlRfBPHXXjmZbcP,0.489,0.597,5,-6.633,0,0.0292,0.27,0.0,0.105,0.324,95.012,253520,4,79,1
623,take me to church,hozier,1CS7Sd1u5tWkstBhpssyjP,0.566,0.664,4,-5.303,0,0.0464,0.634,0.0,0.116,0.437,128.945,241693,4,78,1
624,bad blood,taylor swift featuring kendrick lamar,273dCMFseLcVsoSWx59IoE,0.65,0.802,7,-6.114,1,0.181,0.0871,6.54e-06,0.148,0.295,170.146,211933,4,70,1
625,want to want me,jason derulo,7oGZAicScQt96OAW4AruYy,0.775,0.68,0,-5.508,0,0.0629,0.00906,0.0,0.109,0.656,114.025,207719,4,75,1
626,shake it off,taylor swift,5xTtaWoae3wi06K5WfVUUH,0.647,0.785,7,-5.414,1,0.165,0.0561,0.0,0.148,0.943,160.015,219200,4,74,1
627,where are u now,skrillex & diplo with justin bieber,66hayvUbTotekKU3H4ta1f,0.432,0.781,4,-4.038,0,0.0567,0.041,4.21e-06,0.0789,0.197,139.432,250286,4,75,1
628,fight song,rachel platten,37f4ITSlgPX81ad2EvmVQr,0.564,0.714,7,-4.987,1,0.129,0.0549,0.0,0.155,0.33,175.924,204013,4,78,1
629,lips are movin,meghan trainor,6gj08XDlv9Duc2fPOxUmVD,0.775,0.825,7,-5.402,1,0.0464,0.0506,1.03e-06,0.111,0.95,139.091,182667,4,74,1
630,post to be,omarion featuring chris brown & jhene aiko,0fgZUSa7D7aVvv3GfO0A1n,0.733,0.676,10,-5.655,0,0.0432,0.0697,0.0,0.208,0.701,97.448,226581,4,70,1
631,"honey, i'm good.",andy grammer,4MflGTO2ZTcSQ12bWcyRgI,0.752,0.775,9,-7.289,1,0.0546,0.0324,0.0,0.351,0.595,122.014,199263,4,72,1
632,i'm not the only one,sam smith,7795WJLVKJoAyVoOtCWqXN,0.677,0.485,5,-5.795,1,0.0361,0.529,2.04e-05,0.0766,0.493,82.001,239317,4,88,1
633,good for you,selena gomez featuring a$ap rocky,578Eooad7oUyn4stovZiPg,0.607,0.673,5,-6.484,0,0.0611,0.181,0.0,0.069,0.215,88.952,221280,4,64,1
634,all about that bass,meghan trainor,5jE48hhRu8E6zBDPRSkEq7,0.807,0.887,9,-3.726,1,0.0503,0.0573,2.87e-06,0.124,0.961,134.052,187920,4,76,1
636,hey mama,"david guetta featuring nicki minaj, bebe rexha & afrojack",5b2bu6yyATC1zMXDGScJ2d,0.596,0.73,9,-4.091,1,0.151,0.24,0.0,0.325,0.525,85.979,192560,4,63,1
639,talking body,tove lo,2tpfxAXiI52znho4WE3XFA,0.736,0.761,4,-5.449,0,0.0338,0.0966,0.0,0.0823,0.114,119.999,238427,4,68,1
642,locked away,r. city featuring adam levine,7x5xYW5W42OGPAdHUyyguy,0.509,0.671,1,-5.709,1,0.0678,0.304,0.0,0.0452,0.55,118.413,227480,5,79,1
643,somebody,natalie la rose featuring jeremih,4wCmqSrbyCgxEXROQE6vtV,0.864,0.495,0,-7.036,1,0.037,0.591,0.000133,0.0992,0.72,129.062,244973,4,77,1
644,fourfiveseconds,rihanna & kanye west & paul mccartney,78TTtXnFQPzwqlbtbwqN0y,0.582,0.272,2,-5.662,1,0.0501,0.875,0.0,0.13,0.354,205.846,188238,4,78,1
645,centuries,fall out boy,04aAxqtGp5pv12UXAg4pkq,0.393,0.858,4,-2.868,0,0.0729,0.00359,0.0,0.102,0.56,176.042,228360,4,81,1
646,my way,fetty wap featuring monty,1vvNmPOiUuyCbgWmtc6yfm,0.818,0.913,4,-3.06,0,0.0426,0.093,3.69e-05,0.161,0.536,119.986,219160,4,79,1
647,take your time,sam hunt,6DEaND0SHv3sC11xobZLiy,0.558,0.719,11,-5.603,1,0.0419,0.101,0.0,0.212,0.483,158.031,243707,4,66,1
650,b**** better have my money,rihanna,0NTMtAO2BV4tnGvw9EgBVq,0.781,0.728,1,-4.981,1,0.0621,0.0509,1.94e-06,0.257,0.395,102.99,219306,4,73,1
651,flex (ooh ooh ooh),rich homie quan,4T0ScSPdQKmGvruK7pavNP,0.726,0.607,2,-7.68,1,0.0498,0.0389,0.0,0.19,0.891,81.997,176744,4,65,1
652,nasty freestyle,t-wayne,0PT7nlpo11hYYyfnBgtilT,0.779,0.472,11,-7.116,1,0.218,0.0577,0.0,0.114,0.412,135.051,142212,4,62,1
654,elastic heart,sia,5S9lfZu1YF8xKkgSsqL2Bd,0.421,0.791,9,-4.998,1,0.0496,0.0117,1.48e-05,0.146,0.499,130.075,257200,4,67,1
655,cool for the summer,demi lovato,3uwnnTQcHM1rDqSfA4gQNz,0.583,0.61,5,-5.639,0,0.0382,0.00425,0.000105,0.14,0.336,114.06,214740,4,80,1
658,love me harder,ariana grande & the weeknd,5J4ZkQpzMUFojo1CtAZYpn,0.472,0.714,1,-4.389,0,0.0334,0.00937,0.0,0.0764,0.24,98.992,236133,4,79,1
659,stay with me,sam smith,5Nm9ERjJZ5oyfXZTECKmRt,0.418,0.42,0,-6.444,1,0.0414,0.588,6.39e-05,0.11,0.184,84.094,172724,4,85,1
660,you know you like it,dj snake & alunageorge,57kR5SniQIbsbVoIjjOUDa,0.407,0.725,5,-5.346,0,0.188,0.0141,2.46e-06,0.306,0.247,196.093,247267,4,70,1
662,07-Nov,beyonce,02M6vucOvmRfMxTXDUwRXu,0.747,0.705,9,-5.137,0,0.126,0.0128,0.0,0.126,0.56,136.024,213507,4,70,1
663,the heart wants what it wants,selena gomez,6wJwkMo278iWVlWl1XQ4WA,0.616,0.789,7,-4.874,0,0.0377,0.053,0.0,0.142,0.621,83.066,227373,4,72,1
664,girl crush,little big town,11qh54D0PKkBwelpDxxiEU,0.5,0.225,0,-10.22,1,0.0302,0.842,0.0,0.112,0.355,173.788,193320,3,70,1
665,slow motion,trey songz,4NYwy0R3NdvORX2B6OZXBT,0.733,0.408,7,-7.834,0,0.0388,0.679,3.92e-05,0.11,0.291,94.947,197854,4,70,1
666,drag me down,one direction,2K87XMYnUMqLcX3zvtAF4G,0.73,0.703,0,-5.672,0,0.0369,0.109,0.0,0.0657,0.595,138.113,192120,4,81,1
667,truffle butter,nicki minaj featuring drake & lil wayne,7e44z4wOjkllaD8eulUeMd,0.89,0.667,2,-6.862,1,0.0521,0.0579,2.97e-05,0.108,0.522,105.099,220467,4,66,1
668,one last time,ariana grande,7xoUc6faLbCqZO6fQEYprd,0.628,0.593,8,-5.036,1,0.0323,0.093,1.65e-06,0.096,0.104,125.026,197267,4,84,1
670,all eyes on you,meek mill featuring chris brown & nicki minaj,0hy1SOTEn9ifXTzOwnCwEr,0.589,0.658,11,-5.288,0,0.203,0.0242,0.0,0.118,0.251,77.521,223973,4,70,1
671,no type,rae sremmurd,4scpF6J5uMBvoh6sFB7EL1,0.891,0.486,6,-7.803,1,0.159,0.0158,3.78e-06,0.0925,0.239,125.01,200080,4,73,1
672,riptide,vance joy,3JvrhDOgAt6p7K8mDyZwRd,0.484,0.731,1,-6.694,1,0.0379,0.431,0.0,0.151,0.51,101.654,204280,4,81,1
673,classic man,jidenna featuring roman gianarthur,3G7XYAwtxtoGK7fAm4IlD9,0.79,0.585,8,-6.058,1,0.0348,0.185,0.0,0.292,0.585,94.072,226000,4,60,1
674,dear future husband,meghan trainor,3cU2wBxuV6nFiuf6PJZNlC,0.655,0.782,1,-4.789,1,0.185,0.375,0.0,0.317,0.832,79.427,184227,4,77,1
675,marvin gaye,charlie puth featuring meghan trainor,7tqhbajSfrz2F7E1Z75ASX,0.663,0.6,7,-10.87,1,0.032,0.43,0.0,0.184,0.8,129.991,151667,4,83,1
676,habits (stay high),tove lo,14OxJlLdcHNpgsm4DRwDOB,0.729,0.65,5,-3.539,1,0.0313,0.0702,6.69e-05,0.0829,0.347,110.02,209160,4,74,1
678,coco,o.t. genasis,0aMHIW1lqrulVCx0LLlr6a,0.679,0.645,6,-7.777,0,0.222,0.0518,0.0,0.145,0.203,125.795,307188,4,69,1
679,bang bang,"jessie j, ariana grande & nicki minaj",0puf9yIluy9W0vpMEUoAnN,0.706,0.786,0,-3.417,0,0.091,0.26,0.0,0.38,0.751,150.028,199387,4,80,1
680,lay me down,sam smith,64GRDrL1efgXclrhVCeuA0,0.468,0.19,4,-11.138,1,0.0373,0.919,0.0,0.107,0.326,125.319,219536,4,74,1
684,house party,sam hunt,1TwLKNsCnhi1HxbIi4bAW0,0.747,0.861,8,-5.251,1,0.0514,0.113,0.0,0.026,0.859,103.966,190240,4,71,1
685,ayo,chris brown & tyga,0k6DnZMLoEUH8NGD5zh2SE,0.823,0.563,6,-5.095,1,0.0443,0.0399,0.0,0.0851,0.682,98.031,225227,4,73,1
686,kick the dust up,luke bryan,5g15o2Sm55Hn9ShK5yEXgp,0.597,0.86,1,-2.315,1,0.0461,0.196,0.0,0.087,0.818,172.064,190587,4,66,1
687,blessings,big sean featuring drake,1bzM1cd6oqFozdr4wK6HdR,0.79,0.621,1,-7.634,1,0.275,0.333,0.0,0.122,0.15,118.895,252040,4,64,1
688,budapest,george ezra,2ixsaeFioXJmMgkkbd4uj1,0.717,0.455,5,-8.303,1,0.0276,0.0846,0.0,0.11,0.389,127.812,200733,4,80,1
689,chandelier,sia,2s1sdSqGcKxpPr5lCl7jAV,0.399,0.787,1,-2.88,1,0.0499,0.0197,6.07e-05,0.0685,0.572,117.089,216120,5,71,1
690,heartbeat song,kelly clarkson,7FC9Lng8iXU081lbigu8m8,0.49,0.798,6,-3.66,1,0.0489,0.0137,0.0,0.0627,0.479,149.109,198733,4,65,1
691,waves,mr. probz,3nAq2hCr1oWsIU54tS98pL,0.557,0.586,10,-4.57,1,0.0382,0.0528,7.33e-06,0.339,0.0681,96.091,181573,4,73,1
694,night changes,one direction,5O2P9iiztwhomNh8xkR9lJ,0.672,0.52,8,-7.747,1,0.0353,0.859,0.0,0.115,0.37,120.001,226600,4,89,1
698,dark horse,katy perry featuring juicy j,4jbmgIyjGoXjY01XxatOx6,0.647,0.585,6,-6.123,1,0.0512,0.00314,0.0,0.165,0.353,131.934,215672,4,81,1
699,all of me,john legend,3U4isOIWM3VvDubwSI3y7a,0.422,0.264,8,-7.064,1,0.0322,0.922,0.0,0.132,0.331,119.93,269560,4,86,1
700,counting stars,onerepublic,6sy3LkhNFjJWlaeSMNwQ62,0.664,0.705,1,-4.972,0,0.0382,0.0654,0.0,0.115,0.477,122.017,257840,4,79,1
701,talk dirty,jason derulo featuring 2 chainz,6g6A7qNhTfUgOSH7ROOxTD,0.76,0.652,6,-7.321,1,0.232,0.0348,0.0,0.307,0.759,100.315,177685,4,66,1
702,rude,magic!,6RtPijgfPKROxEzTHNRiDp,0.773,0.758,1,-4.993,1,0.0381,0.0422,0.0,0.305,0.925,144.033,224840,4,82,1
703,problem,ariana grande featuring iggy azalea,7vS3Y0IKjde7Xg85LWIEdP,0.66,0.805,1,-5.352,0,0.153,0.0192,8.83e-06,0.159,0.625,103.008,193920,4,76,1
704,timber,pitbull featuring ke$ha,3cHyrEgdyYRjgJKSOiOtcS,0.581,0.963,11,-4.087,1,0.0981,0.0295,0.0,0.139,0.788,129.992,204160,4,82,1
705,pompeii,bastille,3gbBpTdY8lnQwqxNCcf795,0.679,0.715,9,-6.383,1,0.0407,0.0755,0.0,0.271,0.571,127.435,214148,4,73,1
708,the monster,eminem featuring rihanna,48RrDBpOSSl1aLVCalGl5C,0.781,0.853,1,-3.68,0,0.0715,0.0525,0.0,0.12,0.624,110.049,250189,4,79,1
709,team,lorde,3G6hD9B2ZHOsgf4WfNu7X1,0.69,0.578,6,-7.436,1,0.0929,0.167,0.0,0.305,0.416,99.961,193059,4,78,1
710,let her go,passenger,1KxwZYyzWNyZSRyErj2ojT,0.479,0.545,7,-7.346,1,0.0688,0.365,0.0,0.0963,0.243,74.897,252733,4,77,1
711,royals,lorde,2dLLR6qlu5UJ5gk0dKz0h3,0.674,0.428,7,-9.504,1,0.122,0.121,0.0,0.132,0.337,84.878,190185,4,80,1
714,story of my life,one direction,4nVBt6MZDDP6tRVdQTgxJg,0.6,0.663,3,-5.802,1,0.0477,0.225,0.0,0.119,0.286,121.07,245493,4,84,1
717,maps,maroon 5,4gbVRS8gloEluzf0GzDOFc,0.742,0.713,1,-5.522,0,0.0303,0.0205,0.0,0.059,0.879,120.032,189960,4,85,1
722,anaconda,nicki minaj,794F99D5BQHS5ZGRXAs7I5,0.964,0.605,9,-6.223,1,0.179,0.0668,7.78e-06,0.214,0.646,129.994,260240,4,67,1
723,break free,ariana grande featuring zedd,12KUFSHFgT0XCoiSlvdQi4,0.687,0.702,7,-5.324,0,0.0455,0.0064,4.35e-05,0.204,0.284,129.956,214840,4,78,1
724,bailando,enrique iglesias featuring descemer bueno & gente de zona,32lm3769IRfcnrQV11LO4E,0.723,0.777,7,-3.503,1,0.108,0.0426,3.68e-06,0.0451,0.961,91.017,243413,4,69,1
725,burn,ellie goulding,5jfhLCSIFUO4ndzNRh4w4G,0.508,0.296,3,-10.513,1,0.0755,0.897,5e-05,0.11,0.134,82.532,268856,4,80,1
726,wiggle,jason derulo featuring snoop dogg,2sLwPnIP3CUVmIuHranJZU,0.697,0.621,9,-6.886,0,0.25,0.0802,0.0,0.162,0.721,81.946,193296,4,58,1
727,rather be,clean bandit featuring jess glynne,3s4U7OHV7gnj42VV72eSZ6,0.799,0.586,11,-6.735,1,0.0377,0.162,2.03e-06,0.193,0.549,120.97,227833,4,73,1
728,don't tell 'em,jeremih featuring yg,0Dc7J9VPV4eOInoxUiZrsL,0.856,0.527,2,-5.225,1,0.0997,0.392,0.0,0.11,0.386,98.052,266840,4,74,1
730,wrecking ball,miley cyrus,2vwlzO0Qp8kfEtzTsCXfyE,0.53,0.422,5,-6.262,1,0.0342,0.407,0.0,0.107,0.349,119.964,221360,4,79,1
732,roar,katy perry,27tNWlhdAryQY04Gb2ZhUI,0.671,0.771,7,-4.821,0,0.0316,0.00492,7.28e-06,0.354,0.436,90.003,223546,4,80,1
733,ain't it fun,paramore,3yrvQHw6pQemsrCQEpMnKv,0.61,0.893,9,-3.681,1,0.0921,0.154,4.41e-05,0.021,0.673,104.031,296520,4,66,1
734,the man,aloe blacc,3RauEVgRgj1IuWdJ9fDs70,0.777,0.658,0,-5.191,1,0.054,0.0767,0.0,0.0901,0.633,110.048,190360,4,79,1
736,classic,mkto,6FE2iI43OZnszFLuLtvvmg,0.72,0.791,1,-4.689,1,0.124,0.0384,0.0,0.157,0.756,102.071,175427,4,82,1
738,na na,trey songz,5maiP9UMnTSgoxPX8X3bdz,0.67,0.476,9,-6.253,0,0.0406,0.328,0.0,0.104,0.235,96.975,231907,4,62,1
740,"hold on, we're going home",drake featuring majid jordan,2aSC2xhRxOLiiZZVjhbylH,0.777,0.414,6,-7.44,0,0.0946,0.00421,2.73e-05,0.0724,0.287,100.002,227880,4,73,1
744,cool kids,echosmith,13P5rwmk2EsoFRIz9UCeh9,0.719,0.671,8,-6.279,1,0.0336,0.0372,8.21e-06,0.12,0.786,130.027,237627,4,77,1
745,hey brother,avicii,4lhqb6JvbHId48OUJGwymk,0.545,0.78,7,-4.867,0,0.0436,0.0309,4.64e-05,0.0828,0.458,125.014,255093,4,79,1
746,trumpets,jason derulo,5KONnBIQ9LqCxyeSPin26k,0.635,0.691,0,-4.862,1,0.258,0.555,0.0,0.097,0.638,82.142,217419,4,65,1
747,burnin' it down,jason aldean,5HJqpDspKDKwQpLjvkcIsD,0.681,0.795,6,-6.652,1,0.049,0.305,9.41e-06,0.109,0.64,135.939,219160,4,66,1
748,play it again,luke bryan,03fT3OHB9KyMtGMt2zwqCT,0.506,0.886,11,-3.225,1,0.0655,0.0916,0.0,0.0734,0.595,143.935,226867,4,75,1
749,2 on,tinashe featuring schoolboy q,3jVtllWS5CFFWLQng8sKsr,0.742,0.595,9,-7.51,1,0.107,0.15,0.0,0.111,0.431,101.013,227000,4,74,1
750,dirt,florida georgia line,2qYsSHsYkihWx043HVJQRV,0.68,0.741,2,-5.055,1,0.0357,0.347,1.87e-06,0.117,0.635,127.024,229400,4,73,1
751,love runs out,onerepublic,5BJSZocnCeSNeYMj3iVqM7,0.719,0.935,7,-3.752,1,0.0589,0.167,0.0,0.0973,0.738,120.022,224227,4,64,1
752,bottoms up,brantley gilbert,4AYX69oFP3UOS1CFmV9UfO,0.844,0.601,1,-5.283,1,0.157,0.0205,0.0,0.385,0.331,73.989,242013,4,72,1
753,shower,becky g,3DmW6y7wTEYHJZlLo1r6XJ,0.699,0.529,2,-7.548,1,0.0487,0.0317,3.59e-05,0.285,0.121,119.987,206167,4,77,1
754,me and my broken heart,rixton,1oew3nFNY3vMacJAsvry0S,0.545,0.783,5,-4.261,0,0.0345,0.00489,0.0,0.132,0.551,174.084,193733,4,80,1
755,lifestyle,rich gang featuring young thug & rich homie quan,7DTlsMOQjGysXHpwwpHuPl,0.546,0.667,1,-5.236,1,0.274,0.0152,0.0,0.0895,0.471,87.666,269693,4,67,1
756,american kids,kenny chesney,1dgWTMoHwTUnQhOQ8SR5fV,0.782,0.589,0,-7.37,1,0.0803,0.0476,5.84e-06,0.0366,0.849,85.022,182960,4,72,1
757,brave,sara bareilles,6Uy6K3KdmUdAfelUp0SeXn,0.551,0.836,10,-3.838,0,0.0524,0.00502,2.1e-05,0.0425,0.758,185.063,220573,4,70,1
759,leave the night on,sam hunt,3wx2kQWPn9p5UppQbNhPAk,0.514,0.951,9,-3.813,1,0.0603,0.0951,0.0,0.349,0.838,171.96,192160,4,64,1
760,new flame,chris brown featuring usher & rick ross,3fBbfrWZUuWWrMQXFISr7N,0.702,0.629,1,-4.292,1,0.041,0.0506,0.0,0.0963,0.446,141.967,244227,4,70,1
761,love never felt so good,michael jackson & justin timberlake,48td6xvpokdYwvbl3JIiXP,0.775,0.719,7,-6.212,0,0.0435,0.132,1.79e-06,0.0662,0.712,117.513,246027,4,71,1
762,drunk on a plane,dierks bentley,1soxUgYIZb1qx1c7o1Lc7z,0.423,0.73,9,-5.566,1,0.032,0.00495,1.13e-05,0.238,0.66,205.972,254467,4,69,1
763,birthday,katy perry,4LJgBT9yo0beHlaBesCFEv,0.645,0.864,10,-2.065,0,0.0538,0.0486,0.0,0.0491,0.673,149.949,216440,4,76,1
764,bartender,lady antebellum,1RGIjMFMgJxkZHMDXVYzOJ,0.832,0.391,8,-8.504,1,0.0628,0.0564,0.0,0.224,0.436,104.961,238800,4,75,1
765,la la la,naughty boy featuring sam smith,36pLU2ywVeBKEF0rrKtmCB,0.772,0.65,6,-5.202,0,0.0306,0.107,1.13e-06,0.0905,0.262,125.082,222200,4,64,1
766,blurred lines,robin thicke featuring t.i. + pharrell,0n4bITAu0Y0nigrz3MFJMb,0.853,0.599,7,-4.756,1,0.0411,0.00334,7.93e-06,0.0759,0.843,119.993,263827,4,77,1
767,do what u want,lady gaga featuring r. kelly,5XKXMWPACPq51OiqzxenZo,0.778,0.801,9,-4.65,1,0.086,0.345,1.18e-06,0.0881,0.534,97.47,216573,4,62,1
768,can't remember to forget you,shakira featuring rihanna,2Sh4sAOfnSHEVKFyysxzat,0.694,0.81,11,-3.556,0,0.0661,0.122,0.0,0.141,0.824,137.968,206867,4,72,1
771,come with me now,kongos,2kWowW0k4oFymhkr7LmvzO,0.654,0.726,10,-3.803,0,0.0401,0.0311,6.35e-05,0.0618,0.728,103.987,211960,4,67,1
773,23,"mike will made-it featuring miley cyrus, wiz khalifa & juicy j",2ixkIrn45mNfdLDLHuyfRt,0.626,0.583,0,-7.346,0,0.0318,0.276,0.0,0.141,0.428,87.977,228145,4,75,1
774,beachin',jake owen,5dNGORzxFb5z3v7vSAFkTU,0.527,0.902,6,-5.352,1,0.0601,0.344,4.63e-05,0.0669,0.709,181.964,191040,4,59,1
775,white walls,macklemore & ryan lewis featuring schoolboy q & hollis,1o1Pny4JcE3LdUBeBedbm6,0.768,0.782,7,-5.545,1,0.141,0.0545,0.0,0.338,0.842,116.492,220319,4,65,1
776,she looks so perfect,5 seconds of summer,1gugDOSMREb34Xo0c1PlxM,0.494,0.951,9,-4.237,1,0.132,0.000569,0.0,0.327,0.441,160.025,202496,4,73,1
777,stay the night,zedd featuring hayley williams,2QtJA4gbwe1AcanB2p21aP,0.596,0.738,8,-3.109,1,0.0411,0.109,0.0,0.0947,0.461,127.961,217347,4,67,1
779,studio,schoolboy q featuring bj the chicago kid,29gsi1zZrZxdStACmTQB0Z,0.709,0.589,8,-7.776,0,0.0433,0.0507,0.0,0.0585,0.58,133.922,278067,3,69,1
781,i don't dance,lee brice,5aj0xPGiEUN3aI2oOYu14S,0.587,0.559,1,-7.742,1,0.0321,0.399,6.69e-06,0.0992,0.19,92.036,221173,4,67,1
782,somethin' bad,miranda lambert duet with carrie underwood,6s9m5J92By7jii22Q2XtY2,0.68,0.888,9,-5.308,1,0.055,0.0527,2.82e-06,0.0575,0.484,90.076,169587,4,67,1
785,can't hold us,macklemore & ryan lewis featuring ray dalton,3bidbhpOYeV4knp8AIu8Xn,0.641,0.922,2,-4.457,1,0.0786,0.0291,0.0,0.0862,0.847,146.078,258343,4,83,1
789,cruise,florida georgia line featuring nelly,0i5el041vd6nxrGEU8QRxy,0.457,0.948,10,-3.364,1,0.0354,0.0191,0.0,0.0536,0.878,148.0,208960,4,72,1
790,locked out of heaven,bruno mars,3w3y8KPTfNeOKPiqUTakBh,0.726,0.698,5,-4.165,1,0.0431,0.049,0.0,0.309,0.867,143.994,233478,4,88,1
791,ho hey,the lumineers,0W4Kpfp1w2xkY3PrV714B7,0.685,0.466,0,-9.074,1,0.0304,0.794,2.06e-06,0.0915,0.353,79.936,163133,4,75,1
792,get lucky,daft punk featuring pharrell williams,2Foc5Q5nqNiosCNqttzHof,0.794,0.811,6,-8.966,0,0.038,0.0426,1.07e-06,0.101,0.862,116.047,248413,4,83,1
793,i knew you were trouble.,taylor swift,6FB3v4YcR57y4tXFcdxI1E,0.622,0.469,3,-6.798,0,0.0363,0.00454,2.25e-06,0.0335,0.679,77.019,219720,4,79,1
794,we can't stop,miley cyrus,2y4lAQpi5VTNLu2ldeTdUH,0.613,0.622,1,-5.794,0,0.0334,0.00882,0.0,0.37,0.484,80.003,231240,4,79,1
798,scream & shout,will.i.am & britney spears,2iJuuzV8P9Yz0VSurttIV5,0.772,0.685,5,-6.849,1,0.0696,0.019,8.96e-05,0.131,0.501,130.033,283400,4,79,1
799,clarity,zedd featuring foxes,60wwxj6Dd9NJlirf84wr2c,0.509,0.781,8,-3.48,1,0.072,0.0398,0.0,0.0749,0.176,128.0,271427,4,77,1
801,don't you worry child,swedish house mafia featuring john martin,2V65y3PX4DkRhy1djlxd9p,0.612,0.84,11,-3.145,0,0.0509,0.112,0.0,0.116,0.438,129.042,212862,4,82,1
803,i love it,icona pop featuring charli xcx,6HZ9VeI5IRFCNQLXhpF4bq,0.711,0.906,8,-2.671,1,0.0284,0.00952,1.64e-05,0.153,0.824,125.916,157153,4,70,1
805,treasure,bruno mars,55h7vJchibLdUkxdlX3fK7,0.874,0.692,5,-5.28,0,0.0431,0.0412,7.24e-05,0.324,0.937,116.017,178560,4,81,1
806,the way,ariana grande featuring mac miller,2eAZfqOm4EnOF9VvN50Tyc,0.703,0.757,1,-3.612,1,0.05,0.617,0.0,0.106,0.696,82.008,221747,4,81,1
807,started from the bottom,drake,5DI9jxTHrEiFAhStG7VA8E,0.793,0.524,8,-7.827,1,0.156,0.0319,0.0,0.156,0.579,86.325,174133,4,67,1
810,feel this moment,pitbull featuring christina aguilera,0Hf4aIJpsN4Os2f0y0VqWl,0.673,0.758,7,-3.632,1,0.158,0.039,0.0,0.341,0.542,135.956,229507,4,78,1
811,applause,lady gaga,5ka2ajep9OAvU5Sgduhiex,0.669,0.78,7,-4.287,0,0.053,0.0265,1.63e-06,0.143,0.738,139.945,212333,4,77,1
812,one more night,maroon 5,4XNrMwGx1SqP01sqkGTDmo,0.718,0.82,5,-3.453,0,0.0323,0.0444,0.0,0.0846,0.613,92.998,219467,4,72,1
813,love me,lil wayne featuring drake & future,2XHzzp1j4IfTNp1FTn7YFg,0.669,0.634,11,-6.476,1,0.0327,0.0125,0.0,0.0946,0.496,124.906,255053,4,81,1
815,f**kin problems,"a$ap rocky featuring drake, 2 chainz & kendrick lamar",4X5f3vT8MRuXF68pfjNte5,0.853,0.693,1,-6.87,1,0.275,0.0239,0.0,0.11,0.662,95.967,233787,4,77,1
816,beauty and a beat,justin bieber featuring nicki minaj,190jyVPHYjAqEaOGmMzdyk,0.602,0.843,0,-4.831,1,0.0593,0.000688,5.27e-05,0.0682,0.526,128.003,227987,4,75,1
819,summertime sadness,lana del rey & cedric gervais,1Ist6PR2BZR3n2z2Y5R6S1,0.566,0.647,1,-6.815,0,0.0335,0.0477,0.0,0.121,0.22,111.96,264773,4,76,1
820,home,phillip phillips,4iz9lGMjU1lXS51oPmUmTe,0.667,0.747,1,-7.059,1,0.189,0.337,0.0,0.115,0.918,86.917,203493,4,81,1
823,girl on fire,alicia keys featuring nicki minaj,3DUVwg2lfRKphwNtYE7S85,0.591,0.758,2,-5.4,1,0.0719,0.435,0.0,0.179,0.412,82.008,173011,4,72,1
824,heart attack,demi lovato,1V6gIisPpYqgFeWbMLI0bA,0.504,0.785,8,-4.802,1,0.104,0.0738,0.0,0.239,0.502,173.968,210840,4,79,1
825,love somebody,maroon 5,0HnaqUxvHP5LaWdmWwJpiS,0.675,0.792,1,-6.303,1,0.0368,0.145,0.0,0.12,0.395,120.016,229813,4,61,1
827,try,p!nk,6mDokQBBmkDhu7uDEFhyQ7,0.455,0.4,2,-7.749,1,0.0293,0.546,0.0,0.0971,0.103,139.828,219640,4,69,1
828,wagon wheel,darius rucker,3xdjjKMcMOFgo1eQrfbogM,0.537,0.66,9,-7.174,1,0.0296,0.455,0.0,0.135,0.574,148.096,298373,4,78,1
829,gangnam style,psy,03UrZgTINDqvnUMbbIMhql,0.727,0.937,11,-2.871,0,0.286,0.00417,0.0,0.091,0.749,132.067,219493,4,75,1
830,i need your love,calvin harris featuring ellie goulding,05SBRd4fXgn8FX7bf8BCAE,0.695,0.869,8,-5.066,1,0.0483,0.41,0.0,0.237,0.58,124.989,234507,4,71,1
832,some nights,fun.,6t6oULCRS6hnI7rm0h5gwl,0.672,0.738,0,-7.045,1,0.0506,0.0178,6.75e-05,0.0927,0.392,107.938,277040,4,70,1
833,boys 'round here,blake shelton featuring pistol annies & friends,39FwE8edwuyiaa4PrGBkP7,0.611,0.688,2,-6.369,1,0.0529,0.251,2.35e-06,0.248,0.649,169.895,288760,4,65,1
834,"gone, gone, gone",phillip phillips,56sxN1yKg1dgOZXBcAHkJG,0.664,0.642,6,-5.961,1,0.038,0.129,0.0,0.114,0.501,118.002,209693,4,74,1
835,i cry,flo rida,4bZd0nRuX8HyjeXAUBczvm,0.693,0.822,4,-5.441,0,0.0439,0.00616,1.79e-06,0.315,0.763,126.035,223800,4,67,1
836,little talks,of monsters and men,2ihCaVdNZmnHZWt0fvAM7B,0.457,0.757,1,-5.177,1,0.032,0.0206,0.0,0.146,0.417,102.961,266600,4,80,1
840,crash my party,luke bryan,6GBUsjHfZuweYf5lQEz6mP,0.526,0.816,7,-4.009,1,0.0421,0.0285,0.0,0.22,0.414,144.032,234760,4,61,1
841,pour it up,rihanna,76VtA90NKurNqaQpV126Ue,0.785,0.478,2,-8.735,1,0.0419,0.0254,0.0,0.0901,0.39,134.002,161200,4,68,1
843,i want crazy,hunter hayes,4FkgULes13bk2eHrsJg4q9,0.562,0.878,8,-4.806,1,0.0387,0.0539,0.0,0.112,0.558,103.029,236865,4,63,1
844,the fox,ylvis,5HOpkTTVcmZHnthgyxrIL8,0.703,0.867,6,-4.292,1,0.0453,0.107,0.0,0.119,0.546,128.008,213708,4,66,1
845,best song ever,one direction,5T7ZFtCcOgkpjxcuaeZbw0,0.652,0.877,1,-2.986,1,0.0465,0.0227,0.0,0.0789,0.486,118.491,200107,4,78,1
846,the a team,ed sheeran,1VdZ0vKfR5jneCmWIUAMxK,0.642,0.289,9,-9.918,1,0.0367,0.669,0.0,0.18,0.407,84.996,258373,4,75,1
848,highway don't care,tim mcgraw with taylor swift,4wFUdSCer8bdQsrp1M90sa,0.47,0.79,2,-5.352,1,0.039,0.0216,0.0,0.0863,0.495,158.061,276880,4,65,1
849,that's my kind of night,luke bryan,5HGibWoxnkYSkl6mHmAlOE,0.661,0.751,7,-2.909,1,0.0481,0.0571,0.0,0.105,0.875,109.995,190187,4,72,1
852,troublemaker,olly murs featuring flo rida,6s8nHXTJVqFjXE4yVZPDHR,0.762,0.863,0,-3.689,0,0.0561,0.015,0.0,0.125,0.965,106.012,185587,4,76,1
854,adorn,miguel,25cUhiAod71TIQSNicOaW3,0.625,0.576,11,-5.693,0,0.175,0.0543,4.07e-05,0.187,0.235,179.063,193147,4,70,1
855,hall of fame,the script featuring will.i.am,1X1DWw2pcNZ8zSub3uhlNz,0.421,0.873,10,-4.343,1,0.0564,0.0654,0.0,0.123,0.629,84.786,202533,4,70,1
856,let me love you (until you learn to love yourself),ne-yo,4kte3OcW800TPvOVgrLLj8,0.658,0.677,5,-6.628,1,0.0393,0.248,0.0,0.368,0.248,124.91,251627,4,69,1
859,mama's broken heart,miranda lambert,2mXsZsJBThTaJXbNcg5QD4,0.768,0.809,4,-4.204,0,0.0616,0.278,0.0,0.139,0.748,111.989,177773,4,70,1
860,it goes like this,thomas rhett,6GsAD8PgHxmEuIPTG8GP3M,0.543,0.837,11,-6.448,1,0.0608,0.117,0.0,0.0872,0.506,168.056,186080,4,64,1
861,bugatti,ace hood featuring future & rick ross,0uFvvXbmGIXlf5ZgtHyYpf,0.6,0.592,1,-4.947,1,0.0545,0.0191,0.0,0.0955,0.0663,130.205,269267,4,64,1
862,wanted,hunter hayes,0p1BcEcYVO3uk4KDf3gzkY,0.421,0.476,0,-7.692,1,0.0298,0.268,0.0,0.0816,0.3,169.784,228840,4,67,1
864,#thatpower,will.i.am featuring justin bieber,01TuObJVd7owWchVRuQbQw,0.797,0.608,6,-6.096,0,0.0584,0.00112,7.66e-05,0.0748,0.402,127.999,279507,4,68,1
865,runnin' outta moonlight,randy houser,6enPOmd3vSFpI4jjms8kXN,0.526,0.801,2,-3.717,1,0.0393,0.0354,3.17e-06,0.0637,0.769,172.024,193773,4,66,1
866,i'm different,2 chainz,6J5sxraPPZ4b0CVOGAgpXj,0.936,0.702,10,-5.305,1,0.0615,0.0473,0.0,0.0838,0.704,97.524,207040,4,59,1
867,still into you,paramore,3SXXFIZel1VQQ4ENiqozxi,0.602,0.923,5,-3.763,1,0.044,0.0098,0.0,0.0561,0.765,136.01,216013,4,70,1
2347,call me maybe,carly rae jepsen,3TGRqZ0a2l1LRblBkJoaDx,0.783,0.58,7,-6.548,1,0.0408,0.0114,2.28e-06,0.108,0.66,120.021,193400,4,69,1
2348,we are young,fun. featuring janelle monae,7a86XRg84qjasly9f6bPSD,0.378,0.638,10,-5.576,1,0.075,0.02,7.66e-05,0.0849,0.735,184.086,250627,4,70,1
2349,payphone,maroon 5 featuring wiz khalifa,4P0osvTXoSYZZC2n8IFH3c,0.739,0.756,4,-4.828,1,0.0394,0.0136,0.0,0.37,0.523,110.028,231387,4,68,1
2350,glad you came,the wanted,5yDL13y5giogKs2fSNf7sj,0.722,0.851,7,-3.873,0,0.0639,0.0319,0.0,0.108,0.452,126.885,197936,4,74,1
2351,stronger (what doesn't kill you),kelly clarkson,6D60klaHqbCl9ySc8VcRss,0.562,0.939,0,-4.282,1,0.0475,0.046,0.0,0.112,0.684,116.044,221947,4,63,1
2353,starships,nicki minaj,1oHNvJVbFkexQc0BpQp7Y4,0.747,0.716,11,-2.457,0,0.075,0.135,0.0,0.251,0.751,125.008,210627,4,70,1
2354,what makes you beautiful,one direction,4cluDES4hQEUhmXj6TXkSo,0.726,0.787,4,-2.494,1,0.0737,0.009,0.0,0.0596,0.888,124.99,199987,4,80,1
2355,wild ones,flo rida featuring sia,1NpW5kyvO4XrNJ3rnfcNy3,0.608,0.86,5,-5.324,0,0.0554,0.0991,0.0,0.262,0.437,127.075,232947,4,74,1
2356,set fire to the rain,adele,73CMRj62VK8nUS4ezD2wvi,0.603,0.67,2,-3.882,0,0.0249,0.00408,1.68e-06,0.112,0.446,107.993,242974,4,77,1
2360,whistle,flo rida,3bC1ahPIYt1btJzSSEyyrF,0.747,0.937,0,-5.746,1,0.0453,0.0208,0.0,0.29,0.739,103.976,224653,4,74,1
2361,drive by,train,0KAiuUOrLTIkzkpfpn9jb9,0.765,0.837,1,-3.113,0,0.032,0.00107,1.06e-05,0.0801,0.721,122.028,195973,4,74,1
2364,everybody talks,neon trees,2iUmqdfGZcHIhS3b9E9EWq,0.471,0.924,8,-3.906,1,0.0586,0.00301,0.0,0.313,0.725,154.961,177280,4,75,1
2365,take care,drake featuring rihanna,124NFj84ppZ5pAxTuVQYCQ,0.629,0.515,0,-10.358,0,0.265,0.0267,1.22e-05,0.0888,0.299,121.845,277387,4,72,1
2367,i won't give up,jason mraz,53QF56cjZA9RTuuMZDrSA6,0.483,0.303,4,-10.058,1,0.0429,0.694,0.0,0.115,0.139,133.406,240166,3,66,1
2368,it will rain,bruno mars,0RUGuh2uSNFJpGMSsD1F5C,0.576,0.835,2,-6.826,1,0.0486,0.337,0.0,0.082,0.476,150.017,257720,4,66,1
2369,party rock anthem,lmfao featuring lauren bennett & goonrock,0IkKz2J93C94Ei4BvDop7P,0.75,0.727,5,-4.21,0,0.142,0.0189,0.0,0.266,0.359,129.993,262173,4,65,1
2370,too close,alex clare,5IFCyWplye09HytIP80RCF,0.847,0.402,7,-9.952,1,0.0641,0.0118,0.0,0.283,0.752,99.693,259440,4,63,1
2372,"young, wild & free",snoop dogg & wiz khalifa featuring bruno mars,5HQVUIKwCEXpe7JIHyY734,0.715,0.655,0,-6.425,1,0.137,0.0525,0.0,0.115,0.531,95.078,207333,4,74,1
2373,we are never ever getting back together,taylor swift,0VwNdo84DaVYLIkbVO86ND,0.628,0.676,7,-5.911,1,0.0916,0.00957,2.65e-05,0.121,0.75,85.984,193147,4,72,1
2374,as long as you love me,justin bieber featuring big sean,00WvmRXTkPBZNhhRK3xfdy,0.775,0.816,0,-5.534,1,0.0281,0.164,0.0,0.126,0.753,98.219,214333,4,58,1
2375,turn me on,david guetta featuring nicki minaj,1qzHqfvKrZWo6dVHM1dXrj,0.429,0.18,10,-10.694,1,0.0551,0.864,4.4e-06,0.104,0.485,170.645,154800,3,66,1
2376,moves like jagger,maroon 5 featuring christina aguilera,7LcfRTgAVTs5pQGEQgUEzN,0.722,0.758,11,-4.477,0,0.0471,0.0111,0.0,0.308,0.62,128.047,201160,4,68,1
2377,blow me (one last kiss),p!nk,4k80K0b6KZ2QjAYkXON7q6,0.597,0.919,7,-2.954,1,0.0439,0.000145,0.0,0.282,0.729,113.991,255587,4,63,1
2378,give your heart a break,demi lovato,3sP3c86WFjOzHHnbhhZcLA,0.651,0.695,6,-3.218,1,0.0487,0.23,0.0,0.144,0.569,123.008,205347,4,67,1
2380,the one that got away,katy perry,6hkOqJ5mE093AQf2lbZnsG,0.691,0.795,1,-4.021,0,0.0355,0.000812,1.02e-06,0.156,0.876,133.971,227333,4,70,1
2382,someone like you,adele,1zwMYTA5nlNjZxYrvBB2pV,0.556,0.319,9,-8.251,1,0.0281,0.893,0.0,0.0996,0.294,135.187,285240,4,76,1
2384,domino,jessie j,6MAdEUilV2p9RQUqE5bMAK,0.757,0.547,7,-4.573,1,0.0355,0.0115,0.0,0.0445,0.793,126.977,231693,4,62,1
2385,international love,pitbull featuring chris brown,62zFEHfAYl5kdHYOivj4BC,0.67,0.855,0,-3.035,0,0.0499,0.0124,0.0,0.335,0.648,120.05,227280,4,73,1
2386,without you,david guetta featuring usher,1KMkcUvF7m3SDChDOa7i5L,0.662,0.413,0,-7.357,1,0.0299,0.213,0.0,0.134,0.467,93.005,161385,4,71,1
2389,drunk on you,luke bryan,3kv6omImmKEfOVJWjstusF,0.558,0.872,9,-4.401,1,0.0449,0.178,0.0,0.173,0.472,143.971,213547,4,61,1
2390,no lie,2 chainz featuring drake,48QmG1dfvMuYLxMPt7KSRA,0.742,0.882,7,-2.862,1,0.117,0.0466,0.0,0.206,0.463,102.04,221176,4,79,1
2392,don't wake me up,chris brown,18VfHIPaCo0s6FTi1Fnp6T,0.602,0.691,7,-5.197,0,0.051,0.0548,0.0,0.144,0.206,127.967,222307,4,59,1
2394,springsteen,eric church,05ZACkzW8YbRq3eFgIfSNB,0.692,0.809,2,-5.935,1,0.0255,0.1,9.77e-05,0.185,0.927,104.023,263387,4,69,1
2395,brokenhearted,karmin,4urcG6Nfubqsuqy3juMjBi,0.765,0.765,1,-2.732,0,0.0585,0.00765,3.82e-06,0.0527,0.886,120.001,227147,4,59,1
2396,not over you,gavin degraw,6j7hih15xG2cdYwIJnQXsq,0.63,0.894,10,-4.592,1,0.0544,0.255,0.0,0.181,0.364,142.051,218520,4,63,1
2397,stereo hearts,gym class heroes featuring adam levine,0qOnSQQF0yzuPWsXrQ9paz,0.646,0.795,9,-3.293,1,0.0976,0.0319,0.0,0.267,0.796,89.99,210960,4,78,1
2399,rumour has it,adele,2A73XBDBQgmdXO8VsXPWIs,0.612,0.749,0,-5.014,1,0.0446,0.615,0.0,0.167,0.574,120.052,223267,4,64,1
2400,let's go,calvin harris featuring ne-yo,1fLibtVj3MrNTwRZq5yUOs,0.748,0.767,11,-7.806,0,0.172,0.0267,0.0,0.334,0.519,133.929,222200,4,62,1
2402,pontoon,little big town,2Gy3XMLbBxACZ4tXdFRGr7,0.721,0.819,9,-5.715,1,0.0269,0.413,0.0,0.196,0.867,96.02,212320,4,58,1
2403,paradise,coldplay,6nek1Nin9q48AVZcWs9e9D,0.449,0.585,5,-6.761,1,0.0268,0.0509,8.75e-05,0.0833,0.212,139.631,278719,4,80,1
2404,blown away,carrie underwood,0vFMQi8ZnOM2y8cuReZTZ2,0.531,0.843,9,-2.569,0,0.0429,0.0909,0.0,0.0283,0.392,136.991,240133,4,60,1
2405,rolling in the deep,adele,1c8gk2PeTE04A1pIDH9YMk,0.73,0.769,8,-5.114,1,0.0298,0.138,0.0,0.0473,0.507,104.948,228093,4,76,1
2409,come over,kenny chesney,2NmaDAnnP9zspaHLc5aSjb,0.497,0.222,4,-10.72,1,0.039,0.542,0.0,0.251,0.46,150.175,197821,3,61,1
2412,so good,b.o.b,6kxaaIeowajN7w21PfMLbu,0.576,0.627,3,-4.649,0,0.0449,0.0385,0.0,0.181,0.311,164.998,176059,4,69,1
2414,red solo cup,toby keith,4YKAOXyqkKZ5gOZR0AmVMN,0.535,0.56,4,-6.586,1,0.0901,0.287,0.0,0.209,0.785,164.17,223387,4,61,1
2415,love you like a love song,selena gomez & the scene,0laYHRpNTS6i8FXdupHkJ4,0.858,0.678,1,-3.87,0,0.0469,0.0761,0.0,0.0741,0.922,117.009,188453,4,77,1
2416,turn up the music,chris brown,1RMRkCn07y2xtBip9DzwmC,0.594,0.841,1,-5.792,1,0.102,0.000238,2.22e-06,0.156,0.643,129.925,227973,4,60,1
2420,you da one,rihanna,3Yt9lRtS5V4nbJnwcgFgvC,0.702,0.715,5,-5.377,0,0.0425,0.503,2.44e-05,0.126,0.863,127.05,200013,4,65,1
2422,it's time,imagine dragons,6BtmXhTJMM9sBTHeYYASGz,0.656,0.884,2,-4.748,1,0.0372,0.0162,0.0,0.145,0.86,105.009,237987,4,62,1
2424,i don't want this night to end,luke bryan,7c1KTn1z8Gw8ouYdcF4qaG,0.616,0.728,9,-4.02,0,0.0278,0.0275,0.0,0.228,0.375,111.934,219973,4,65,1
2427,fly over states,jason aldean,17X2tSzibD9n9QRjdExcWT,0.487,0.736,7,-3.269,1,0.0326,0.069,0.0,0.114,0.184,81.587,218200,4,58,1
2429,burn it down,linkin park,7oVEtyuv9NBmnytsCIsY5I,0.585,0.972,9,-4.45,0,0.0534,0.0143,0.0,0.0707,0.585,110.006,230253,4,71,1
2430,firework,katy perry,4r6eNCsrZnQWJzzvFh4nlg,0.638,0.832,8,-5.039,1,0.049,0.141,0.0,0.113,0.648,124.071,227893,4,66,1
2432,give me everything,"pitbull featuring ne-yo, afrojack & nayer",4QNpBfC0zvjKqPJcyqBy9W,0.671,0.939,8,-3.206,1,0.161,0.191,0.0,0.298,0.53,129.024,252307,4,79,1
2433,grenade,bruno mars,2tJulUYLDKOg9XrtVkMgcJ,0.704,0.558,2,-7.273,0,0.0542,0.148,0.0,0.107,0.245,110.444,222091,4,74,1
2437,s&m,rihanna,7ySUcLPVX7KudhnmNcgY2D,0.769,0.684,1,-5.019,1,0.0411,0.0105,0.000125,0.0887,0.835,127.972,243600,4,75,1
2441,raise your glass,p!nk,1gv4xPanImH17bKZ9rOveR,0.7,0.709,7,-5.006,1,0.0838,0.0048,0.0,0.029,0.624,122.019,202960,4,74,1
2443,f**kin' perfect,p!nk,3MGJF1CDFGfjXESL2Heva0,0.565,0.646,7,-4.749,1,0.0335,0.0412,0.0,0.362,0.481,91.973,213413,4,63,1
2444,what's my name?,rihanna featuring drake,6DkXLzBQT7cwXmTyzAB1DJ,0.689,0.784,2,-2.972,1,0.074,0.182,0.0,0.0843,0.561,99.954,263173,4,67,1
2445,look at me now,chris brown featuring lil wayne & busta rhymes,3hsmbFKT5Cujb5GQjqEU39,0.767,0.677,11,-6.128,0,0.184,0.0339,5.51e-06,0.144,0.538,146.155,222587,4,67,1
2446,down on me,jeremih featuring 50 cent,0x3TibRgnSqzkcwrqBd4iX,0.7,0.598,2,-7.783,1,0.114,0.0369,0.0,0.111,0.594,160.041,228453,4,71,1
2447,how to love,lil wayne,5W7BcYDIaeXnpG3e39T7hJ,0.644,0.661,11,-6.093,1,0.0418,0.000177,5.23e-06,0.108,0.272,153.992,240307,4,63,1
2449,the lazy song,bruno mars,1ExfPZEiahqhLyajhybFeS,0.794,0.711,8,-5.124,0,0.0699,0.3,0.0,0.0955,0.955,174.915,189109,4,69,1
2450,till the world ends,britney spears,38iU2jg98IZZEIJPrP7aWD,0.693,0.705,8,-5.747,1,0.0665,0.0228,0.0,0.202,0.45,131.951,237947,4,62,1
2451,the show goes on,lupe fiasco,4NTWZqvfQTlOMitlVn6tew,0.591,0.889,7,-3.839,1,0.115,0.0189,0.0,0.155,0.65,143.067,239613,4,66,1
2454,black and yellow,wiz khalifa,5A6OHHy73AR5tLxgTc98zz,0.684,0.834,2,-4.524,0,0.0675,0.0646,0.0,0.271,0.538,164.02,217667,4,72,1
2455,tonight tonight,hot chelle rae,2i0AUcEnsDm3dsqLrFWUCq,0.686,0.783,4,-4.977,1,0.119,0.0764,0.0,0.163,0.814,99.978,200467,4,68,1
2456,lighters,bad meets evil featuring bruno mars,5zpDHEU12zATwLGvozxPw2,0.676,0.695,0,-8.327,1,0.245,0.352,0.0,0.119,0.144,90.268,303813,4,66,1
2457,if i die young,the band perry,4u26EevCNXMhlvE1xFBJwX,0.606,0.497,4,-6.611,1,0.0277,0.348,0.0,0.275,0.362,130.739,222773,4,64,1
2459,coming home,diddy - dirty money featuring skylar grey,65GbQI9VDTs7vo6MJL2iJA,0.424,0.465,6,-6.595,1,0.0297,0.461,5.52e-05,0.154,0.462,112.418,206387,3,66,1
2460,hey baby (drop it to the floor),pitbull featuring t-pain,3rfhI32Il2hVRKDkuGeeen,0.595,0.912,10,-3.428,0,0.0884,0.0434,0.0,0.259,0.762,128.024,234453,4,69,1
2461,only girl (in the world),rihanna,2ENexcMEMsYk0rVJigVD3i,0.789,0.706,11,-4.233,0,0.0429,0.112,1.71e-05,0.0586,0.638,125.911,235493,4,76,1
2463,just a kiss,lady antebellum,2OXidlnDThZR3zf36k6DVL,0.593,0.639,1,-5.826,1,0.0307,0.446,0.0,0.0998,0.332,142.881,218840,4,59,1
2464,no hands,waka flocka flame featuring roscoe dash & wale,03tqyYWC9Um2ZqU0ZN849H,0.76,0.595,1,-6.366,1,0.0391,0.00544,0.0,0.241,0.361,131.497,263773,4,72,1
2465,i wanna go,britney spears,5cCAZS9VhLGEDV4NCfieeg,0.696,0.546,5,-6.55,1,0.0414,0.00379,3.8e-06,0.332,0.787,130.002,210267,4,63,1
2467,you make me feel...,cobra starship featuring sabi,16Of7eeW44kt0a1M0nitHM,0.668,0.857,7,-2.944,0,0.0535,0.0191,6.71e-06,0.0385,0.748,131.959,215693,4,67,1
2468,yeah 3x,chris brown,2QtxlzvSBONjs1bDC34ixs,0.705,0.882,11,-3.201,0,0.0445,0.000369,1.16e-06,0.0934,0.7,130.0,241667,4,66,1
2471,just a dream,nelly,3ZdJffjzJWFimSQyxgGIxN,0.531,0.752,1,-6.161,1,0.0305,0.0421,0.0,0.12,0.103,89.917,237800,4,71,1
2472,motivation,kelly rowland featuring lil wayne,0rIAC4PXANcKmitJfoqmVm,0.599,0.887,4,-3.967,1,0.0984,0.0192,1.21e-06,0.3,0.881,170.918,193837,4,66,1
2474,jar of hearts,christina perri,0HZhYMZOcUzZKSFwPOti6m,0.349,0.348,3,-6.142,1,0.0316,0.726,0.0,0.12,0.0886,74.541,246587,4,69,1
2475,roll up,wiz khalifa,53DB6LJV9B8sz0p1s6tlGS,0.523,0.805,3,-5.473,1,0.192,0.0524,0.0,0.0914,0.602,125.358,227773,5,59,1
2476,rocketeer,far*east movement featuring ryan tedder,45sDIKapDyxPl307QpEAwl,0.664,0.845,4,-6.115,0,0.0461,0.181,0.0,0.267,0.357,96.005,211253,4,64,1
2477,all of the lights,kanye west,22L7bfCiAkJo5xGSQgmiIO,0.531,0.803,1,-3.284,1,0.0717,0.0796,1.71e-05,0.176,0.221,142.113,299613,4,72,1
2481,dj got us fallin' in love,usher featuring pitbull,4356Typ82hUiFAynbLYbPn,0.663,0.861,7,-3.398,0,0.109,0.0338,0.0,0.082,0.654,119.963,220800,4,76,1
2482,honey bee,blake shelton,0gY2iq0xJPRoIB1PScKSw4,0.481,0.849,4,-5.131,1,0.0385,0.00167,1.49e-06,0.121,0.723,205.57,210720,4,60,1
2484,pretty girl rock,keri hilson,2Adn2LNgkHMH5TelQVAu4n,0.666,0.87,11,-5.004,0,0.246,0.203,0.0,0.0851,0.9,160.014,243920,4,61,1
2487,back to december,taylor swift,3DrjZArsPsoqbLzUZZV1Id,0.529,0.67,2,-4.663,1,0.0303,0.117,0.0,0.334,0.286,141.893,293027,4,66,1
2488,teenage dream,katy perry,5jzKL4BDMClWqRguW5qZvh,0.719,0.798,10,-4.582,1,0.0361,0.0162,2.34e-06,0.134,0.591,120.011,227741,4,69,1
2491,who says,selena gomez & the scene,3TcL0dyCMyr0kyTTc4NLgI,0.682,0.927,4,-2.915,1,0.0479,0.0843,0.0,0.149,0.744,101.019,195613,4,72,1
2492,barefoot blue jean night,jake owen,3ts6xK5GzfMAAriT9AIBmP,0.599,0.807,4,-4.679,1,0.0402,0.202,0.0,0.196,0.812,172.017,167427,4,67,1
2493,knee deep,zac brown band featuring jimmy buffett,60IGhnH20N82dNxKnc8jDd,0.715,0.584,8,-8.231,1,0.0296,0.432,1.41e-06,0.095,0.609,90.99,203173,4,68,1
2494,country girl (shake it for me),luke bryan,0JbSghVDghtFEurrSO8JrC,0.645,0.904,2,-4.532,1,0.0462,0.0293,0.0,0.0834,0.671,105.97,225560,4,72,1
2496,in the dark,dev,6xd51Blf4S1T98r9iykAER,0.735,0.788,1,-3.057,0,0.0395,0.182,1.8e-06,0.0709,0.563,126.03,172721,4,58,1
2499,best thing i never had,beyonce,3lBRNqXjPp2j3JMTCXDTNO,0.546,0.649,6,-4.056,1,0.0324,0.143,1.55e-05,0.0894,0.298,99.05,253747,4,66,1
2500,don't wanna go home,jason derulo,1r3myKmjWoOqRip99CmSj1,0.671,0.808,2,-4.861,0,0.0652,0.02,0.0,0.134,0.637,121.956,206080,4,59,1
2501,where them girls at,david guetta featuring flo rida & nicki minaj,63rbP24OzfaQCJjsHWZXnY,0.664,0.872,3,-3.117,1,0.0396,0.0306,0.0,0.228,0.555,129.873,210093,4,62,1
2503,take a back road,rodney atkins,7B6m8tHAYZsOKOKMU5SR2n,0.581,0.856,3,-4.0,1,0.0783,0.183,0.0,0.0871,0.918,169.902,209427,4,60,1
2506,price tag,jessie j featuring b.o.b,5mvKuE9Lf9ARVXVXA32kK9,0.638,0.831,5,-3.944,1,0.182,0.0281,3.06e-06,0.277,0.685,175.038,223053,4,59,1
2508,she will,lil wayne featuring drake,0b4M7hd7mzLTm99MrMeZsp,0.364,0.841,8,-4.831,1,0.119,0.000402,0.0,0.242,0.0841,100.14,305840,5,64,1
2509,are you gonna kiss me or not,thompson square,2TAcwD5KcV9uY3O1tLGV15,0.485,0.701,8,-3.807,1,0.0288,0.039,0.0,0.0977,0.613,151.948,184920,4,62,1
2510,animal,neon trees,1fBl642IhJOE5U319Gy2Go,0.482,0.833,5,-5.611,1,0.0449,0.000346,0.0,0.365,0.74,148.039,212293,4,66,1
2512,colder weather,zac brown band,3U8dHeggJ8IBe0UCb1gbyB,0.667,0.381,3,-7.494,1,0.0294,0.455,0.0,0.116,0.199,135.975,273893,4,67,1
